archivo;punto;tipo_cod;tipo;letra;numero;agenda;tiporeg;anulado;fecha;vencimiento;importe;tc;importe_divisa;divisa;moneda_cc;cae;fecha_recepcion;cobrador;leyenda
ac1h1225.fac;00003;03;ND;A;00000004;00000233;0;0;2025-12-01;;;;;;;;;;
ac1h1225.fac;00003;03;ND;A;00000005;00000233;0;0;2025-12-01;;;;;;;;;;
ac1h1225.fac;00003;04;NC;A;00000006;00000014;0;0;2025-12-01;;;;;;;71188490634803.0;;;
ac1h1225.fac;00003;02;FA;A;00000007;00000004;0;0;2025-12-01;;;;;;;71138910403948.0;;;
ac1h1225.fac;00003;04;NC;A;00000007;00000039;0;0;2025-12-01;;;;;;;;;;
ac1h1225.fac;00003;02;FA;A;00000023;00000014;0;0;2025-12-01;;;;;;;71168780156789.0;;;
ac1h1225.fac;00003;04;NC;A;00000024;00000039;0;0;2025-12-01;;;;;;;;;;
ac1h1225.fac;00003;04;NC;A;00000028;00000014;0;0;2025-12-01;;;;;;;71458986786164.0;;;
ac1h1225.fac;00003;04;NC;A;00000029;00000014;0;0;2025-12-01;;;;;;;71458012297901.0;;;
ac1h1225.fac;00003;04;NC;A;00000032;00000021;0;0;2025-12-01;;;;;;;71518963738707.0;;;
ac1h1225.fac;00003;02;FA;B;00000040;00000024;0;0;2025-12-01;;;;;;;;;;
ac1h1225.fac;00003;04;NC;A;00000042;00000014;0;0;2025-12-01;;;;;;;72168018706122.0;;;
ac1h1225.fac;00003;04;NC;B;00000043;00000188;0;0;2025-12-01;;;;;;;;;;
ac1h1225.fac;00003;02;FA;B;00000051;00000024;0;0;2025-12-01;;;;;;;;;;
ac1h1225.fac;00003;04;NC;B;00000051;00000190;0;0;2025-12-01;;;;;;;75268785781969.0;;;
ac1h1225.fac;00003;02;FA;B;00000052;00000024;0;0;2025-12-01;;;;;;;;;;
ac1h1225.fac;00003;04;NC;B;00000052;00000258;0;0;2025-12-01;;;;;;;75398056540762.0;;;
ac1h1225.fac;00003;04;NC;B;00000053;00000281;0;0;2025-12-01;;;;;;;75408996888086.0;;;
ac1h1225.fac;00003;04;NC;B;00000054;00000188;0;0;2025-12-01;;;;;;;75508865281369.0;;;
ac1h1225.fac;00003;02;FA;A;00000068;00000013;0;0;2025-12-01;;;;;;;;;;
ac1h1225.fac;00003;04;NC;A;00000069;00000173;0;0;2025-12-01;;;;;;;;;;
ac1h1225.fac;00003;02;FA;B;00000077;00000024;0;0;2025-12-01;;;;;;;;;;
ac1h1225.fac;00003;04;NC;A;00000081;00000173;0;0;2025-12-01;;;;;;;73178694950475.0;;;
ac1h1225.fac;00003;02;FA;B;00000083;00000024;0;0;2025-12-01;;;;;;;;;;
ac1h1225.fac;00003;02;FA;B;00000091;00000024;0;0;2025-12-01;;;;;;;;;;
ac1h1225.fac;00003;04;NC;A;00000091;00000168;0;0;2025-12-01;;;;;;;73328128462279.0;;;
ac1h1225.fac;00003;02;FA;B;00000096;00000024;0;0;2025-12-01;;;;;;;;;;
ac1h1225.fac;00003;02;FA;A;00000102;00000094;0;0;2025-12-01;;;;;;;;;;
ac1h1225.fac;00003;04;NC;A;00000109;00000213;0;0;2025-12-01;;;;;;;74268841399089.0;;;
ac1h1225.fac;00003;04;NC;A;00000112;00000213;0;0;2025-12-01;;;;;;;74358087678528.0;;;
ac1h1225.fac;00003;04;NC;A;00000115;00000067;0;0;2025-12-01;;;;;;;;;;
ac1h1225.fac;00003;02;FA;A;00000118;00000013;0;0;2025-12-01;;;;;;;;;;
ac1h1225.fac;00003;04;NC;A;00000118;00000018;0;0;2025-12-01;;;;;;;75088262861317.0;;;
ac1h1225.fac;00003;04;NC;A;00000120;00000031;0;0;2025-12-01;;;;;;;75088666594960.0;;;
ac1h1225.fac;00003;04;NC;A;00000121;00000080;0;0;2025-12-01;;;;;;;75158211129196.0;;;
ac1h1225.fac;00003;04;NC;A;00000125;00000242;0;0;2025-12-01;;;;;;;75218966309930.0;;;
ac1h1225.fac;00003;04;NC;A;00000127;00000014;0;0;2025-12-01;;;;;;;75258730488784.0;;;
ac1h1225.fac;00003;04;NC;A;00000128;00000013;0;0;2025-12-01;;;;;;;75258732520229.0;;;
ac1h1225.fac;00003;04;NC;A;00000129;00000139;0;0;2025-12-01;;;;;;;75298227685904.0;;;
ac1h1225.fac;00003;04;NC;A;00000130;00000005;0;0;2025-12-01;;;;;;;75308029443769.0;;;
ac1h1225.fac;00003;04;NC;A;00000131;00000213;0;0;2025-12-01;;;;;;;75308034396011.0;;;
ac1h1225.fac;00003;04;NC;A;00000132;00000026;0;0;2025-12-01;;;;;;;75328482790063.0;;;
ac1h1225.fac;00003;04;NC;A;00000133;00000026;0;0;2025-12-01;;;;;;;75378382796332.0;;;
ac1h1225.fac;00003;04;NC;A;00000134;00000213;0;0;2025-12-01;;;;;;;75388761868424.0;;;
ac1h1225.fac;00003;04;NC;A;00000136;00000280;0;0;2025-12-01;;;;;;;75408537076111.0;;;
ac1h1225.fac;00003;04;NC;A;00000137;00000022;0;0;2025-12-01;;;;;;;75418729411046.0;;;
ac1h1225.fac;00003;04;NC;A;00000138;00000067;0;0;2025-12-01;;;;;;;75428031884257.0;;;
ac1h1225.fac;00003;04;NC;A;00000139;00000013;0;0;2025-12-01;;;;;;;75438028315396.0;;;
ac1h1225.fac;00003;04;NC;A;00000140;00000285;0;0;2025-12-01;;;;;;;75448858886673.0;;;
ac1h1225.fac;00003;04;NC;A;00000141;00000242;0;0;2025-12-01;;;;;;;75468368185001.0;;;
ac1h1225.fac;00003;04;NC;A;00000142;00000275;0;0;2025-12-01;;;;;;;75478130081243.0;;;
ac1h1225.fac;00003;04;NC;A;00000143;00000026;0;0;2025-12-01;;;;;;;75508385702078.0;;;
ac1h1225.fac;00003;04;NC;A;00000144;00000294;0;0;2025-12-01;;;;;;;75528949668804.0;;;
ac1h1225.fac;00003;02;FA;A;00000146;00000007;0;0;2025-12-01;;;;;;;;;;
ac1h1225.fac;00003;02;FA;A;00000165;00000014;0;0;2025-12-01;;;;;;;71458933427723.0;;;
ac1h1225.fac;00003;02;FA;A;00000169;00000014;0;0;2025-12-01;;;;;;;71458009179436.0;;;
ac1h1225.fac;00003;02;FA;B;00000191;00000190;0;0;2025-12-01;;;;;;;75268784187852.0;;;
ac1h1225.fac;00003;02;FA;B;00000196;00000258;0;0;2025-12-01;;;;;;;75398055908804.0;;;
ac1h1225.fac;00003;02;FA;B;00000198;00000281;0;0;2025-12-01;;;;;;;75408995882602.0;;;
ac1h1225.fac;00003;02;FA;B;00000200;00000285;0;0;2025-12-01;;;;;;;75448858455803.0;;;
ac1h1225.fac;00003;02;FA;B;00000201;00000188;0;0;2025-12-01;;;;;;;75498629823659.0;;;
ac1h1225.fac;00003;02;FA;B;00000202;00000017;0;0;2025-12-01;;;;;;;75518054428176.0;;;
ac1h1225.fac;00003;02;FA;B;00000204;00000017;0;0;2025-12-01;;;;;;;76018297082622.0;;;
ac1h1225.fac;00003;02;FA;B;00000205;00000258;0;0;2025-12-01;;;;;;;76018597475994.0;;;
ac1h1225.fac;00003;02;FA;B;00000206;00000293;0;0;2025-12-01;;;;;;;76018608094187.0;;;
ac1h1225.fac;00003;19;19;;00000213;00000014;0;0;2025-12-01;;;;;;;;;;
ac1h1225.fac;00003;02;FA;A;00000254;00000011;0;0;2025-12-01;;;;;;;;;;
ac1h1225.fac;00003;02;FA;A;00000262;00000005;0;0;2025-12-01;;;;;;;72168814618754.0;;;
ac1h1225.fac;00003;02;FA;A;00000263;00000014;0;0;2025-12-01;;;;;;;72168818236843.0;;;
ac1h1225.fac;00003;02;FA;A;00000277;00000021;0;0;2025-12-01;;;;;;;;;;
ac1h1225.fac;00003;02;FA;A;00000293;00000011;0;0;2025-12-01;;;;;;;;;;
ac1h1225.fac;00003;02;FA;A;00000294;00000011;0;0;2025-12-01;;;;;;;;;;
ac1h1225.fac;00003;02;FA;A;00000299;00000021;0;0;2025-12-01;;;;;;;;;;
ac1h1225.fac;00003;02;FA;A;00000307;00000011;0;0;2025-12-01;;;;;;;;;;
ac1h1225.fac;00003;02;FA;A;00000343;00000011;0;0;2025-12-01;;;;;;;;;;
ac1h1225.fac;00003;02;FA;A;00000397;00000021;0;0;2025-12-01;;;;;;;;;;
ac1h1225.fac;00003;02;FA;A;00000414;00000173;0;0;2025-12-01;;;;;;;72468942428256.0;;;
ac1h1225.fac;00003;02;FA;A;00000425;00000021;0;0;2025-12-01;;;;;;;72478614767117.0;;;
ac1h1225.fac;00003;02;FA;A;00000502;00000013;0;0;2025-12-01;;;;;;;;;;
ac1h1225.fac;00003;02;FA;A;00000519;00000173;0;0;2025-12-01;;;;;;;;;;
ac1h1225.fac;00003;02;FA;A;00000541;00000159;0;0;2025-12-01;;;;;;;;;;
ac1h1225.fac;00003;02;FA;A;00000543;00000021;0;0;2025-12-01;;;;;;;;;;
ac1h1225.fac;00003;02;FA;A;00000577;00000168;0;0;2025-12-01;;;;;;;73308009726532.0;;;
ac1h1225.fac;00003;02;FA;A;00000590;00000192;0;0;2025-12-01;;;;;;;;;;
ac1h1225.fac;00003;02;FA;A;00000623;00000018;0;0;2025-12-01;;;;;;;73428977798150.0;;;
ac1h1225.fac;00003;02;FA;A;00000674;00000013;0;0;2025-12-01;;;;;;;;;;
ac1h1225.fac;00003;02;FA;A;00000677;00000013;0;0;2025-12-01;;;;;;;;;;
ac1h1225.fac;00003;02;FA;A;00000690;00000013;0;0;2025-12-01;;;;;;;74038313844795.0;;;
ac1h1225.fac;00003;02;FA;A;00000742;00000067;0;0;2025-12-01;;;;;;;74168045376705.0;;;
ac1h1225.fac;00003;02;FA;A;00000786;00000213;0;0;2025-12-01;;;;;;;74268639469867.0;;;
ac1h1225.fac;00003;02;FA;A;00000804;00000207;0;0;2025-12-01;;;;;;;;;;
ac1h1225.fac;00003;02;FA;A;00000823;00000213;0;0;2025-12-01;;;;;;;74358086938490.0;;;
ac1h1225.fac;00003;02;FA;A;00000870;00000028;0;0;2025-12-01;;;;;;;;;;
ac1h1225.fac;00003;02;FA;A;00000871;00000018;0;0;2025-12-01;;;;;;;74478867208354.0;;;
ac1h1225.fac;00003;02;FA;A;00000886;00000028;0;0;2025-12-01;;;;;;;;;;
ac1h1225.fac;00003;02;FA;A;00000889;00000165;0;0;2025-12-01;;;;;;;;;;
ac1h1225.fac;00003;02;FA;A;00000893;00000207;0;0;2025-12-01;;;;;;;75028972271949.0;;;
ac1h1225.fac;00003;02;FA;A;00000897;00000028;0;0;2025-12-01;;;;;;;;;;
ac1h1225.fac;00003;02;FA;A;00000900;00000018;0;0;2025-12-01;;;;;;;75028977138329.0;;;
ac1h1225.fac;00003;02;FA;A;00000904;00000031;0;0;2025-12-01;;;;;;;75028232278875.0;;;
ac1h1225.fac;00003;02;FA;A;00000910;00000207;0;0;2025-12-01;;;;;;;75068052137400.0;;;
ac1h1225.fac;00003;02;FA;A;00000914;00000207;0;0;2025-12-01;;;;;;;75078420168782.0;;;
ac1h1225.fac;00003;02;FA;A;00000916;00000031;0;0;2025-12-01;;;;;;;75078422877191.0;;;
ac1h1225.fac;00003;02;FA;A;00000924;00000207;0;0;2025-12-01;;;;;;;75088006998002.0;;;
ac1h1225.fac;00003;02;FA;A;00000936;00000028;0;0;2025-12-01;;;;;;;;;;
ac1h1225.fac;00003;02;FA;A;00000938;00000080;0;0;2025-12-01;;;;;;;75118563508869.0;;;
ac1h1225.fac;00003;02;FA;A;00000947;00000013;0;0;2025-12-01;;;;;;;75128536103692.0;;;
ac1h1225.fac;00003;02;FA;A;00000955;00000207;0;0;2025-12-01;;;;;;;75168226514872.0;;;
ac1h1225.fac;00003;02;FA;A;00000959;00000028;0;0;2025-12-01;;;;;;;;;;
ac1h1225.fac;00003;02;FA;A;00000961;00000213;0;0;2025-12-01;;;;;;;75168236326682.0;;;
ac1h1225.fac;00003;02;FA;A;00000972;00000014;0;0;2025-12-01;;;;;;;75198909051949.0;;;
ac1h1225.fac;00003;02;FA;A;00000973;00000207;0;0;2025-12-01;;;;;;;75198909482497.0;;;
ac1h1225.fac;00003;02;FA;A;00000976;00000165;0;0;2025-12-01;;;;;;;;;;
ac1h1225.fac;00003;02;FA;A;00000984;00000028;0;0;2025-12-01;;;;;;;;;;
ac1h1225.fac;00003;02;FA;A;00000994;00000207;0;0;2025-12-01;;;;;;;75248598389659.0;;;
ac1h1225.fac;00003;02;FA;A;00001020;00000007;0;0;2025-12-01;;;;;;;75288077735706.0;;;
ac1h1225.fac;00003;02;FA;A;00001026;00000207;0;0;2025-12-01;;;;;;;75288082356179.0;;;
ac1h1225.fac;00003;02;FA;A;00001031;00000139;0;0;2025-12-01;;;;;;;75298679033089.0;;;
ac1h1225.fac;00003;02;FA;A;00001033;00000207;0;0;2025-12-01;;;;;;;75298260106386.0;;;
ac1h1225.fac;00003;02;FA;A;00001035;00000005;0;0;2025-12-01;;;;;;;75308030050607.0;;;
ac1h1225.fac;00003;02;FA;A;00001039;00000242;0;0;2025-12-01;;;;;;;;;;
ac1h1225.fac;00003;02;FA;A;00001041;00000207;0;0;2025-12-01;;;;;;;75328350489342.0;;;
ac1h1225.fac;00003;02;FA;A;00001047;00000080;0;0;2025-12-01;;;;;;;;;;
ac1h1225.fac;00003;02;FA;A;00001050;00000139;0;0;2025-12-01;;;;;;;75358810317590.0;;;
ac1h1225.fac;00003;02;FA;A;00001054;00000007;0;0;2025-12-01;;;;;;;75368383417658.0;;;
ac1h1225.fac;00003;02;FA;A;00001055;00000242;0;0;2025-12-01;;;;;;;;;;
ac1h1225.fac;00003;02;FA;A;00001058;00000207;0;0;2025-12-01;;;;;;;75368445100836.0;;;
ac1h1225.fac;00003;02;FA;A;00001059;00000026;0;0;2025-12-01;;;;;;;75368445955531.0;;;
ac1h1225.fac;00003;02;FA;A;00001063;00000213;0;0;2025-12-01;;;;;;;75378336291420.0;;;
ac1h1225.fac;00003;02;FA;A;00001064;00000080;0;0;2025-12-01;;;;;;;75378381101659.0;;;
ac1h1225.fac;00003;02;FA;A;00001073;00000280;0;0;2025-12-01;;;;;;;75408533645410.0;;;
ac1h1225.fac;00003;02;FA;A;00001077;00000242;0;0;2025-12-01;;;;;;;75408987507772.0;;;
ac1h1225.fac;00003;02;FA;A;00001081;00000207;0;0;2025-12-01;;;;;;;75418288447817.0;;;
ac1h1225.fac;00003;02;FA;A;00001082;00000007;0;0;2025-12-01;;;;;;;75418288813744.0;;;
ac1h1225.fac;00003;02;FA;A;00001086;00000018;0;0;2025-12-01;;;;;;;75418289878358.0;;;
ac1h1225.fac;00003;02;FA;A;00001089;00000022;0;0;2025-12-01;;;;;;;75418314260668.0;;;
ac1h1225.fac;00003;02;FA;A;00001092;00000165;0;0;2025-12-01;;;;;;;;;;
ac1h1225.fac;00003;02;FA;A;00001102;00000207;0;0;2025-12-01;;;;;;;75468636513006.0;;;
ac1h1225.fac;00003;02;FA;A;00001103;00000007;0;0;2025-12-01;;;;;;;75468637731699.0;;;
ac1h1225.fac;00003;02;FA;A;00001105;00000165;0;0;2025-12-01;;;;;;;;;;
ac1h1225.fac;00003;02;FA;A;00001109;00000139;0;0;2025-12-01;;;;;;;75468720012265.0;;;
ac1h1225.fac;00003;02;FA;A;00001111;00000242;0;0;2025-12-01;;;;;;;75468730882157.0;;;
ac1h1225.fac;00003;02;FA;A;00001114;00000139;0;0;2025-12-01;;;;;;;75468745434847.0;;;
ac1h1225.fac;00003;02;FA;A;00001118;00000275;0;0;2025-12-01;;;;;;;75478473313708.0;;;
ac1h1225.fac;00003;02;FA;A;00001120;00000032;0;0;2025-12-01;;;;;;;75488564716993.0;;;
ac1h1225.fac;00003;02;FA;A;00001124;00000004;0;0;2025-12-01;;;;;;;;;;
ac1h1225.fac;00003;02;FA;A;00001125;00000005;0;0;2025-12-01;;;;;;;75508383989424.0;;;
ac1h1225.fac;00003;02;FA;A;00001126;00000207;0;0;2025-12-01;;;;;;;75508384410433.0;;;
ac1h1225.fac;00003;02;FA;A;00001127;00000007;0;0;2025-12-01;;;;;;;75508385109599.0;;;
ac1h1225.fac;00003;02;FA;A;00001128;00000026;0;0;2025-12-01;;;;;;;75508385518785.0;;;
ac1h1225.fac;00003;02;FA;A;00001129;00000012;0;0;2025-12-01;;;;;;;;;;
ac1h1225.fac;00003;02;FA;A;00001130;00000165;0;0;2025-12-01;;;;;;;75508386478868.0;;;
ac1h1225.fac;00003;02;FA;A;00001132;00000213;0;0;2025-12-01;;;;;;;;;;
ac1h1225.fac;00003;02;FA;A;00001133;00000018;0;0;2025-12-01;;;;;;;75508387171400.0;;;
ac1h1225.fac;00003;02;FA;A;00001134;00000020;0;0;2025-12-01;;;;;;;75508387407930.0;;;
ac1h1225.fac;00003;02;FA;A;00001135;00000233;0;0;2025-12-01;;;;;;;75508387739953.0;;;
ac1h1225.fac;00003;02;FA;A;00001138;00000014;0;0;2025-12-01;;;;;;;;;;
ac1h1225.fac;00003;02;FA;A;00001139;00000139;0;0;2025-12-01;;;;;;;75508875457051.0;;;
ac1h1225.fac;00003;02;FA;A;00001140;00000013;0;0;2025-12-01;;;;;;;75518078644561.0;;;
ac1h1225.fac;00003;02;FA;A;00001141;00000294;0;0;2025-12-01;;;;;;;75528947138023.0;;;
ac1h1225.fac;00003;02;FA;A;00001142;00000292;0;0;2025-12-01;;;;;;;76018609469768.0;;;
ac1h1225.fac;00003;02;FA;A;00001143;00000067;0;0;2025-12-01;;;;;;;76018612525657.0;;;
ac1h1225.fac;00003;02;FA;A;00001144;00000067;0;0;2025-12-01;;;;;;;76018613427276.0;;;
ac1h1225.fac;00003;05;RC;;00005897;00000014;0;0;2025-12-01;;;;;;;;;;
ac1h1225.fac;00003;05;RC;;00006841;00000014;0;0;2025-12-01;;;;;;;;;;
ac1h1225.fac;00003;05;RC;;00007642;00000080;0;0;2025-12-01;;;;;;;;;;
ac1h1225.fac;00003;05;RC;;00007648;00000207;0;0;2025-12-01;;;;;;;;;;
ac1h1225.fac;00003;05;RC;;00007665;00000207;0;0;2025-12-01;;;;;;;;;;
ac1h1225.fac;00003;05;RC;;00007675;00000207;0;0;2025-12-01;;;;;;;;;;
ac1h1225.fac;00003;05;RC;;00007695;00000207;0;0;2025-12-01;;;;;;;;;;
ac1h1225.fac;00003;05;RC;;00007760;00000207;0;0;2025-12-01;;;;;;;;;;
ac1h1225.fac;00003;05;RC;;00007770;00000207;0;0;2025-12-01;;;;;;;;;;
ac1h1225.fac;00003;05;RC;;00007786;00000207;0;0;2025-12-01;;;;;;;;;;
ac1h1225.fac;00003;05;RC;;00100196;00000014;0;0;2025-12-01;;;;;;;;;;
ac1h1225.fac;00003;05;RC;;00100219;00000015;0;0;2025-12-01;;;;;;;;;;
ac1h1225.fac;00003;05;RC;;00100736;00000020;0;0;2025-12-01;;;;;;;;;;
ac1h1225.fac;00003;05;RC;;00100814;00000207;0;0;2025-12-01;;;;;;;;;;
ac1h1225.fac;00003;05;RC;;00100816;00000207;0;0;2025-12-01;;;;;;;;;;
ac1h1225.fac;00003;05;RC;;00100819;00000207;0;0;2025-12-01;;;;;;;;;;
ac1h1225.fac;00003;05;RC;;00100822;00000207;0;0;2025-12-01;;;;;;;;;;
ac1h1225.fac;00003;05;RC;;00100835;00000207;0;0;2025-12-01;;;;;;;;;;
ac1h1225.fac;00003;05;RC;;00100846;00000207;0;0;2025-12-01;;;;;;;;;;
ac1h1225.fac;00003;05;RC;;00100856;00000207;0;0;2025-12-01;;;;;;;;;;
ac1h1225.fac;00003;05;RC;;00100857;00000207;0;0;2025-12-01;;;;;;;;;;
ac1h1225.fac;00003;05;RC;;00100896;00000207;0;0;2025-12-01;;;;;;;;;;
ac1h1225.fac;00003;05;RC;;00100914;00000207;0;0;2025-12-01;;;;;;;;;;
ac1h1225.fac;00003;05;RC;;00100924;00000207;0;0;2025-12-01;;;;;;;;;;
ac1h1225.fac;00003;05;RC;;00100942;00000207;0;0;2025-12-01;;;;;;;;;;
ac1h1225.fac;00003;05;RC;;00100943;00000028;0;0;2025-12-01;;;;;;;;;;
ac1h1225.fac;01900;15;15;;00000001;00000106;2;0;2025-12-01;2021-06-17;109.0;1.0;109.0;0;S;;;;
ac1h1225.fac;01900;15;15;;00000002;00000106;2;0;2025-12-01;2021-06-17;109.0;1.0;109.0;0;S;;;;
ac1h1225.fac;01900;19;19;;00000003;00000064;0;0;2025-12-01;;;;;;;;;;
ac1h1225.fac;01900;19;19;;00000006;00000113;0;0;2025-12-01;;;;;;;;;;
ac1h1225.fac;01900;19;19;;00000007;00000113;0;0;2025-12-01;;;;;;;;;;
ac1h1225.fac;01900;19;19;;00000008;00000157;0;0;2025-12-01;;;;;;;;;;
ac1h1225.fac;01900;02;FA;A;00000160;00000006;0;0;2025-12-01;;;;;;;;;;
ac1h1225.fac;01900;02;FA;A;00000164;00000006;0;0;2025-12-01;;;;;;;;;;
ac1h1225.fac;01900;05;RC;;00000166;00000157;0;0;2025-12-01;;;;;;;;;;
ac1h1225.fac;01900;02;FA;A;00000171;00000006;0;0;2025-12-01;;;;;;;;;;
ac1h1225.fac;01900;02;FA;A;00000173;00000136;0;0;2025-12-01;;;;;;;;;;
ac1h1225.fac;01900;02;FA;A;00000174;00000006;0;0;2025-12-01;;;;;;;;;;
ac1h1225.fac;01900;02;FA;A;00000175;00000046;0;0;2025-12-01;;;;;;;;;;
ac1h1225.fac;01900;02;FA;A;00000177;00000209;0;0;2025-12-01;;;;;;;;;;
ac1h1225.fac;01900;02;FA;A;00000178;00000205;0;0;2025-12-01;;;;;;;;;;
ac1h1225.fac;01900;02;FA;A;00000179;00000210;0;0;2025-12-01;;;;;;;;;;
ac1h1225.fac;01900;02;FA;A;00000180;00000216;0;0;2025-12-01;;;;;;;;;;
ac1h1225.fac;01900;05;RC;;00000429;00000113;0;0;2025-12-01;;;;;;;;;;
ac1h1225.fac;01900;05;RC;;00001014;00000246;0;0;2025-12-01;;;;;;;;;;
ac1h1225.fac;01900;05;RC;;00007190;00000064;0;0;2025-12-01;;;;;;;;;;
ac1h1225.fac;01900;05;RC;;00007671;00000255;0;0;2025-12-01;;;;;;;;;;
ac1h1225.fac;01900;05;RC;;00007725;00000034;0;0;2025-12-01;;;;;;;;;;
ac1h1225.fac;01900;05;RC;;00007776;00000046;0;0;2025-12-01;;;;;;;;;;
ac1h1225.fac;01900;05;RC;;00007790;00000167;0;0;2025-12-01;;;;;;;;;;
ac1h1225.fac;01900;02;FA;A;00070321;00000086;0;0;2025-12-01;;;;;;;;;;
ac1h1225.fac;01900;02;FA;A;00122010;00000086;0;0;2025-12-01;;;;;;;;;;
ac1h1225.fac;01900;02;FA;B;19211375;00000042;0;0;2025-12-01;;;;;;;;;;
ac1h1225.fac;01900;02;FA;B;19211382;00000064;0;0;2025-12-01;;;;;;;;;;
ac1h1225.fac;01900;02;FA;B;19211399;00000243;0;0;2025-12-01;;;;;;;;;;
ac1h1225.fac;01900;02;FA;B;19211400;00000042;0;0;2025-12-01;;;;;;;;;;
ac1h1225.fac;01900;02;FA;B;19211416;00000042;0;0;2025-12-01;;;;;;;;;;
ac1h1225.fac;01900;02;FA;B;19211453;00000042;0;0;2025-12-01;;;;;;;;;;
ac1h1225.fac;01900;02;FA;B;19211485;00000042;0;0;2025-12-01;;;;;;;;;;
ac1h1225.fac;01900;02;FA;B;19211486;00000191;0;0;2025-12-01;;;;;;;;;;
ac1h1225.fac;01900;02;FA;B;19211506;00000221;0;0;2025-12-01;;;;;;;;;;
ac1h1225.fac;01900;02;FA;B;19211507;00000058;0;0;2025-12-01;;;;;;;;;;
ac1h1225.fac;01900;02;FA;B;19211508;00000042;0;0;2025-12-01;;;;;;;;;;
ac1h1225.fac;01900;02;FA;B;19211509;00000191;0;0;2025-12-01;;;;;;;;;;
ac1h1225.fac;01900;02;FA;B;19211545;00000042;0;0;2025-12-01;;;;;;;;;;
ac1h1225.fac;01900;02;FA;B;19211546;00000058;0;0;2025-12-01;;;;;;;;;;
ac1h1225.fac;01900;02;FA;B;19211578;00000221;0;0;2025-12-01;;;;;;;;;;
ac1h1225.fac;01900;02;FA;B;19211580;00000042;0;0;2025-12-01;;;;;;;;;;
ac1h1225.fac;01900;02;FA;B;19211581;00000191;0;0;2025-12-01;;;;;;;;;;
ac1h1225.fac;01900;02;FA;B;19211613;00000058;0;0;2025-12-01;;;;;;;;;;
ac1h1225.fac;01900;02;FA;B;19211618;00000191;0;0;2025-12-01;;;;;;;;;;
ac1h1225.fac;01900;02;FA;B;19211620;00000042;0;0;2025-12-01;;;;;;;;;;
ac1h1225.fac;01900;02;FA;B;19211624;00000221;0;0;2025-12-01;;;;;;;;;;
ac1h1225.fac;01900;02;FA;B;19211636;00000255;0;0;2025-12-01;;;;;;;;;;
ac1h1225.fac;01900;02;FA;B;19211658;00000042;0;0;2025-12-01;;;;;;;;;;
ac1h1225.fac;01900;02;FA;B;19211659;00000043;0;0;2025-12-01;;;;;;;;;;
ac1h1225.fac;01900;02;FA;B;19211674;00000045;0;0;2025-12-01;;;;;;;;;;
ac1h1225.fac;01900;02;FA;B;19211700;00000058;0;0;2025-12-01;;;;;;;;;;
ac1h1225.fac;01900;02;FA;B;19211701;00000042;0;0;2025-12-01;;;;;;;;;;
ac1h1225.fac;01900;02;FA;B;19211702;00000043;0;0;2025-12-01;;;;;;;;;;
ac1h1225.fac;01900;02;FA;B;19211724;00000243;0;0;2025-12-01;;;;;;;;;;
ac1h1225.fac;01900;02;FA;B;19211731;00000221;0;0;2025-12-01;;;;;;;;;;
ac1h1225.fac;01900;02;FA;B;19211737;00000221;0;0;2025-12-01;;;;;;;;;;
ac1h1225.fac;01900;02;FA;B;19211738;00000056;0;0;2025-12-01;;;;;;;;;;
ac1h1225.fac;01900;02;FA;B;19211739;00000042;0;0;2025-12-01;;;;;;;;;;
ac1h1225.fac;01900;02;FA;B;19211740;00000043;0;0;2025-12-01;;;;;;;;;;
ac1h1225.fac;01900;02;FA;B;19211743;00000061;0;0;2025-12-01;;;;;;;;;;
ac1h1225.fac;01900;02;FA;B;19211757;00000112;0;0;2025-12-01;;;;;;;;;;
ac1h1225.fac;01900;02;FA;B;19211762;00000202;0;0;2025-12-01;;;;;;;;;;
ac1h1225.fac;01900;02;FA;B;19211764;00000291;0;0;2025-12-01;;;;;;;;;;
ac1h1225.fac;01900;02;FA;B;19211765;00000122;0;0;2025-12-01;;;;;;;;;;
ac1h1225.fac;01900;02;FA;B;19211767;00000214;0;0;2025-12-01;;;;;;;;;;
ac1h1225.fac;01900;02;FA;B;19211768;00000221;0;0;2025-12-01;;;;;;;;;;
ac1h1225.fac;01900;02;FA;B;19211769;00000056;0;0;2025-12-01;;;;;;;;;;
ac1h1225.fac;01900;02;FA;B;19211771;00000061;0;0;2025-12-01;;;;;;;;;;
ac1h1225.fac;01900;02;FA;B;19211772;00000034;0;0;2025-12-01;;;;;;;;;;
ac1h1225.fac;01900;02;FA;B;19211773;00000252;0;0;2025-12-01;;;;;;;;;;
ac1h1225.fac;01900;02;FA;B;19211775;00000050;0;0;2025-12-01;;;;;;;;;;
ac1h1225.fac;01900;02;FA;B;19211779;00000243;0;0;2025-12-01;;;;;;;;;;
ac1h1225.fac;01900;02;FA;B;19211780;00000243;0;0;2025-12-01;;;;;;;;;;
ac1h1225.fac;01900;02;FA;B;19211781;00000202;0;0;2025-12-01;;;;;;;;;;
ac1h1225.fac;01900;02;FA;B;19211786;00000255;0;0;2025-12-01;;;;;;;;;;
ac1h1225.fac;01900;02;FA;B;19211789;00000043;0;0;2025-12-01;;;;;;;;;;
ac1h1225.fac;01900;02;FA;B;19211790;00000252;0;0;2025-12-01;;;;;;;;;;
ac1h1225.fac;01900;02;FA;B;19211793;00000202;0;0;2025-12-01;;;;;;;;;;
ac1h1225.fac;01900;02;FA;B;19211795;00000293;0;0;2025-12-01;;;;;;;;;;
ac1h1225.fac;01900;02;FA;B;19211796;00000243;0;0;2025-12-01;;;;;;;;;;
ac1h1225.fac;01900;02;FA;B;19211797;00000243;0;0;2025-12-01;;;;;;;;;;
ac1h1225.fac;01900;02;FA;B;19211798;00000243;0;0;2025-12-01;;;;;;;;;;
ac1h1225.fac;01900;02;FA;B;19211799;00000243;0;0;2025-12-01;;;;;;;;;;
ac1h0126.fac;01900;05;RC;;00001064;00000243;4;0;2026-01-02;;567.45;;;;;;2026-01-02;0;
ac1h0126.fac;01900;05;RC;;00001065;00000136;4;0;2026-01-02;;674.47;;;;;;2026-01-02;0;
ac1h0126.fac;01900;05;RC;;00001066;00000214;4;0;2026-01-02;;143.68;;;;;;2026-01-02;0;
ac1h0126.fac;01900;05;RC;;00001067;00000293;4;0;2026-01-02;;265.0;;;;;;2026-01-02;0;
ac1h0126.fac;01900;05;RC;;00001111;00000221;4;0;2026-01-02;;1500.0;;;;;;2026-01-02;0;
ac1h0126.fac;01900;05;RC;;00007793;00000043;4;0;2026-01-02;;334.1;;;;;;2026-01-02;0;
ac1h0126.fac;00003;05;RC;;00100959;00000013;4;0;2026-01-05;;296534.0;;;;;;2026-01-05;0;
ac1h0126.fac;00003;05;RC;;00007794;00000007;4;0;2026-01-06;;1495000.0;;;;;;2026-01-06;0;
ac1h0126.fac;00003;05;RC;;00100960;00000292;4;0;2026-01-06;;91671.2;;;;;;2026-01-06;0;
ac1h0126.fac;00003;05;RC;;00100961;00000258;4;0;2026-01-07;;429333.2;;;;;;2026-01-07;0;
ac1h0126.fac;01900;05;RC;;00007795;00000252;4;0;2026-01-07;;620.0;;;;;;2026-01-07;0;
ac1h0126.fac;01900;02;FA;B;19211801;00000243;2;0;2026-01-07;2026-01-07;1155.22;1.0;1155.22;0;S;;;;
ac1h0126.fac;01900;02;FA;B;19211824;00000181;2;0;2026-01-07;2026-01-07;611.62;1.0;611.62;0;S;;;;
ac1h0126.fac;00003;05;RC;;00007796;00000017;4;0;2026-01-08;;666473.48;;;;;;2026-01-08;0;
ac1h0126.fac;00003;05;RC;;00007797;00000207;4;0;2026-01-08;;2000000.0;;;;;;2026-01-08;0;
ac1h0126.fac;00003;05;RC;;00100971;00000005;4;0;2026-01-08;;455082.0;;;;;;2026-01-08;0;
ac1h0126.fac;01900;02;FA;A;00000181;00000210;2;0;2026-01-08;2026-01-08;12220.29;1.0;12220.29;0;S;;;;
ac1h0126.fac;01900;02;FA;A;00000182;00000209;2;0;2026-01-08;2026-01-08;12217.35;1.0;12217.35;0;S;;;;
ac1h0126.fac;01900;05;RC;;00001112;00000221;4;0;2026-01-08;;1500.0;;;;;;2026-01-08;0;
ac1h0126.fac;01900;05;RC;;00001139;00000309;4;0;2026-01-08;;2072.77;;;;;;2026-01-08;0;
ac1h0126.fac;01900;02;FA;B;19211802;00000111;2;0;2026-01-08;2026-01-08;102.19;1.0;102.19;0;S;;;;
ac1h0126.fac;01900;02;FA;B;19211818;00000249;2;0;2026-01-08;2026-01-08;149.48;1.0;149.48;0;S;;;;
ac1h0126.fac;01900;02;FA;A;00000187;00000272;2;0;2026-01-09;2026-01-09;47.74;1.0;47.74;0;S;;;;
ac1h0126.fac;01900;05;RC;;00001069;00000111;4;0;2026-01-09;;102.19;;;;;;2026-01-09;0;
ac1h0126.fac;01900;05;RC;;00001070;00000122;4;0;2026-01-09;;553.33;;;;;;2026-01-09;0;
ac1h0126.fac;00003;04;NC;A;00000145;00000067;2;0;2026-01-12;2026-01-12;980312.96;1.0;980312.96;0;S;76028562764766.0;;;
ac1h0126.fac;00003;02;FA;A;00001145;00000004;2;0;2026-01-12;2026-01-12;8405417.8;1490.0;5641.22;1;S;76028565188348.0;;;
ac1h0126.fac;00003;02;FA;A;00001146;00000005;2;0;2026-01-12;2026-01-12;571608.7;1490.0;383.63;1;S;76028566157938.0;;;
ac1h0126.fac;00003;02;FA;A;00001147;00000026;2;0;2026-01-12;2026-01-12;3088703.7;1490.0;2072.96;1;S;76028568870069.0;;;
ac1h0126.fac;00003;02;FA;A;00001148;00000028;2;0;2026-01-12;2026-01-12;1302394.1;1490.0;874.09;1;S;76028570045265.0;;;
ac1h0126.fac;00003;02;FA;A;00001149;00000015;2;0;2026-01-12;2026-01-12;75155.6;1490.0;50.44;1;S;76028570558761.0;;;
ac1h0126.fac;00003;02;FA;A;00001150;00000213;2;0;2026-01-12;2026-01-12;132058.7;1490.0;88.63;1;S;76028571184730.0;;;
ac1h0126.fac;00003;02;FA;A;00001151;00000175;2;0;2026-01-12;2026-01-12;97803.6;1490.0;65.64;1;S;76028571731860.0;;;
ac1h0126.fac;00003;02;FA;A;00001152;00000233;2;0;2026-01-12;2026-01-12;75930.4;1490.0;50.96;1;S;76028572131673.0;;;
ac1h0126.fac;00003;02;FA;A;00001153;00000022;2;0;2026-01-12;2026-01-12;193700.0;1490.0;130.0;1;S;76028572451641.0;;;
ac1h0126.fac;00003;02;FA;A;00001154;00000295;2;0;2026-01-12;2026-01-12;1556891.46;1490.0;1044.89;1;S;76028580277231.0;;;
ac1h0126.fac;00003;02;FA;A;00001155;00000013;2;0;2026-01-12;2026-01-12;641087.4;1490.0;430.26;1;S;76028587473042.0;;;
ac1h0126.fac;00003;05;RC;;00100962;00000242;4;0;2026-01-12;;400000.0;;;;;;2026-01-12;0;
ac1h0126.fac;01900;02;FA;A;00000183;00000136;2;0;2026-01-12;2026-01-12;2543.27;1.0;2543.27;0;S;;;;
ac1h0126.fac;01900;02;FA;A;00000184;00000006;2;0;2026-01-12;2026-01-12;986.29;1.0;986.29;0;S;;;;
ac1h0126.fac;01900;05;RC;;00001068;00000243;4;0;2026-01-12;;479.02;;;;;;2026-01-12;0;
ac1h0126.fac;01900;02;FA;B;19211803;00000034;2;0;2026-01-12;2026-01-12;275.67;1.0;275.67;0;S;;;;
ac1h0126.fac;01900;02;FA;B;19211804;00000048;2;0;2026-01-12;2026-01-12;92.8;1.0;92.8;0;S;;;;
ac1h0126.fac;01900;02;FA;B;19211805;00000132;2;0;2026-01-12;2026-01-12;1129.73;1.0;1129.73;0;S;;;;
ac1h0126.fac;01900;02;FA;B;19211807;00000045;2;0;2026-01-12;2026-01-12;758.4;1.0;758.4;0;S;;;;
ac1h0126.fac;01900;02;FA;B;19211808;00000061;2;0;2026-01-12;2026-01-12;2786.36;1.0;2786.36;0;S;;;;
ac1h0126.fac;01900;02;FA;B;19211809;00000252;2;0;2026-01-12;2026-01-12;303.96;1.0;303.96;0;S;;;;
ac1h0126.fac;01900;02;FA;B;19211810;00000063;2;0;2026-01-12;2026-01-12;4813.68;1.0;4813.68;0;S;;;;
ac1h0126.fac;01900;02;FA;B;19211811;00000050;2;0;2026-01-12;2026-01-12;659.0;1.0;659.0;0;S;;;;
ac1h0126.fac;01900;02;FA;B;19211812;00000024;2;0;2026-01-12;2026-01-12;416.59;1.0;416.59;0;S;;;;
ac1h0126.fac;01900;02;FA;B;19211813;00000066;2;0;2026-01-12;2026-01-12;1089.25;1.0;1089.25;0;S;;;;
ac1h0126.fac;01900;02;FA;B;19211814;00000206;2;0;2026-01-12;2026-01-12;302.18;1.0;302.18;0;S;;;;
ac1h0126.fac;01900;02;FA;B;19211815;00000056;2;0;2026-01-12;2026-01-12;11924.32;1.0;11924.32;0;S;;;;
ac1h0126.fac;01900;02;FA;B;19211816;00000221;2;0;2026-01-12;2026-01-12;40.6;1.0;40.6;0;S;;;;
ac1h0126.fac;00003;04;NC;A;00000146;00000026;2;0;2026-01-13;2026-01-13;3088703.7;1490.0;2072.96;1;S;76028699069014.0;;;
ac1h0126.fac;00003;02;FA;A;00001156;00000007;2;0;2026-01-13;2026-01-13;389784.0;1490.0;261.6;1;S;76028656934921.0;;;
ac1h0126.fac;00003;02;FA;A;00001157;00000139;2;0;2026-01-13;2026-01-13;11031290.25;1490.0;7403.55;1;S;76028657616257.0;;;
ac1h0126.fac;00003;02;FA;A;00001158;00000014;2;0;2026-01-13;2026-01-13;223425.5;1490.0;149.95;1;S;76028672692655.0;;;
ac1h0126.fac;00003;02;FA;A;00001159;00000026;2;0;2026-01-13;2026-01-13;2989112.1;1490.0;2006.12;1;S;76028707755225.0;;;
ac1h0126.fac;00003;05;RC;;00100964;00000014;4;0;2026-01-13;;223425.5;;;;;;2026-01-13;0;
ac1h0126.fac;00003;05;RC;;00100965;00000067;4;0;2026-01-13;;3155322.67;;;;;;2026-01-13;0;
ac1h0126.fac;01900;05;RC;;00001072;00000112;4;0;2026-01-13;;619.72;;;;;;2026-01-13;0;
ac1h0126.fac;01900;05;RC;;00001078;00000206;4;0;2026-01-13;;302.18;;;;;;2026-01-13;0;
ac1h0126.fac;01900;05;RC;;00007717;00000191;4;0;2026-01-13;;1622.0;;;;;;2026-01-13;0;
ac1h0126.fac;01900;02;FA;B;19211820;00000122;2;0;2026-01-13;2026-01-13;213.95;1.0;213.95;0;S;;;;
ac1h0126.fac;00003;02;FA;A;00001160;00000027;2;0;2026-01-14;2026-01-14;475733.57;1480.0;321.44;1;S;76028827256649.0;;;
ac1h0126.fac;00003;02;FA;A;00001161;00000281;2;0;2026-01-14;2026-01-14;70655.2;1480.0;47.74;1;S;76028857622102.0;;;
ac1h0126.fac;00003;05;RC;;00100963;00000293;4;0;2026-01-14;;79742.4;;;;;;2026-01-14;0;
ac1h0126.fac;00003;05;RC;;00100967;00000026;4;0;2026-01-14;;2545255.18;;;;;;2026-01-14;0;
ac1h0126.fac;01900;05;RC;;00001073;00000061;4;0;2026-01-14;;9977.33;;;;;;2026-01-14;0;
ac1h0126.fac;01900;05;RC;;00001076;00000296;4;0;2026-01-14;;302.76;;;;;;2026-01-14;0;
ac1h0126.fac;01900;05;RC;;00001079;00000122;4;0;2026-01-14;;213.95;;;;;;2026-01-14;0;
ac1h0126.fac;01900;02;FA;B;19211819;00000122;2;0;2026-01-14;2026-01-14;385.34;1.0;385.34;0;S;;;;
ac1h0126.fac;01900;02;FA;B;19211821;00000296;2;0;2026-01-14;2026-01-14;302.76;1.0;302.76;0;S;;;;
ac1h0126.fac;00003;05;RC;;00100966;00000213;4;0;2026-01-15;;132058.7;;;;;;2026-01-15;0;
ac1h0126.fac;01900;05;RC;;00001077;00000296;4;0;2026-01-15;;126.14;;;;;;2026-01-15;0;
ac1h0126.fac;01900;05;RC;;00007799;00000216;4;0;2026-01-15;;2478.0;;;;;;2026-01-15;0;
ac1h0126.fac;01900;05;RC;;00007908;00000288;4;0;2026-01-15;;100.32;;;;;;2026-01-15;0;
ac1h0126.fac;01900;02;FA;B;19211817;00000288;2;0;2026-01-15;2026-01-15;100.32;1.0;100.32;0;S;;;;
ac1h0126.fac;01900;02;FA;B;19211822;00000296;2;0;2026-01-15;2026-01-15;126.14;1.0;126.14;0;S;;;;
ac1h0126.fac;01900;02;FA;B;19211825;00000249;2;0;2026-01-15;2026-01-15;295.41;1.0;295.41;0;S;;;;
ac1h0126.fac;01900;02;FA;B;19211838;00000249;2;0;2026-01-15;2026-01-15;188.98;1.0;188.98;0;S;;;;
ac1h0126.fac;00003;05;RC;;00007800;00000207;4;0;2026-01-16;;800000.0;;;;;;2026-01-16;0;
ac1h0126.fac;00003;05;RC;;00100987;00000165;4;0;2026-01-16;;616264.98;;;;;;2026-01-16;0;
ac1h0126.fac;01900;05;RC;;00001071;00000066;4;0;2026-01-16;;410.0;;;;;;2026-01-16;0;
ac1h0126.fac;01900;05;RC;;00001074;00000122;4;0;2026-01-16;;385.34;;;;;;2026-01-16;0;
ac1h0126.fac;01900;05;RC;;00001075;00000297;4;0;2026-01-16;;542.0;;;;;;2026-01-16;0;
ac1h0126.fac;01900;05;RC;;00001082;00000301;4;0;2026-01-16;;246.0;;;;;;2026-01-16;0;
ac1h0126.fac;01900;05;RC;;00001086;00000240;4;0;2026-01-16;;235.4;;;;;;2026-01-16;0;
ac1h0126.fac;01900;02;FA;B;19211823;00000297;2;0;2026-01-16;2026-01-16;542.0;1.0;542.0;0;S;;;;
ac1h0126.fac;01900;02;FA;B;19211834;00000240;2;0;2026-01-16;2026-01-16;235.4;1.0;235.4;0;S;;;;
ac1h0126.fac;01900;05;RC;;00007851;00000043;4;0;2026-01-19;;411.0;;;;;;2026-01-19;0;
ac1h0126.fac;01900;05;RC;;00007909;00000300;4;0;2026-01-19;;233.0;;;;;;2026-01-19;0;
ac1h0126.fac;01900;02;FA;B;19211827;00000293;2;0;2026-01-19;2026-01-19;385.0;1.0;385.0;0;S;;;;
ac1h0126.fac;01900;02;FA;B;19211828;00000299;2;0;2026-01-19;2026-01-19;89.0;1.0;89.0;0;S;;;;
ac1h0126.fac;01900;02;FA;B;19211829;00000300;2;0;2026-01-19;2026-01-19;233.0;1.0;233.0;0;S;;;;
ac1h0126.fac;01900;02;FA;B;19211830;00000301;2;0;2026-01-19;2026-01-19;246.0;1.0;246.0;0;S;;;;
ac1h0126.fac;00003;04;NC;A;00000147;00000275;2;0;2026-01-20;2026-01-20;1566572.7;1460.0;1073.0;1;S;86030663203805.0;;;
ac1h0126.fac;00003;04;NC;A;00000148;00000275;2;0;2026-01-20;2026-01-20;1566572.7;1460.0;1073.0;1;S;86030664433723.0;;;
ac1h0126.fac;00003;02;FA;A;00001162;00000275;2;0;2026-01-20;2026-01-20;1566572.7;1460.0;1073.0;1;S;86030662790772.0;;;
ac1h0126.fac;00003;02;FA;A;00001163;00000275;2;0;2026-01-20;2026-01-20;1566572.7;1460.0;1073.0;1;S;86030662792143.0;;;
ac1h0126.fac;00003;02;FA;A;00001164;00000298;2;0;2026-01-20;2026-01-20;1566572.7;1460.0;1073.0;1;S;86030666511591.0;;;
ac1h0126.fac;00003;05;RC;;00100968;00000281;4;0;2026-01-20;;70655.2;;;;;;2026-01-20;0;
ac1h0126.fac;00003;05;RC;;00100972;00000027;4;0;2026-01-20;;475733.57;;;;;;2026-01-20;0;
ac1h0126.fac;01900;05;RC;;00001083;00000243;4;0;2026-01-20;;614.33;;;;;;2026-01-20;0;
ac1h0126.fac;01900;02;FA;B;19211826;00000252;2;0;2026-01-20;2026-01-20;422.77;1.0;422.77;0;S;;;;
ac1h0126.fac;01900;05;RC;;00007910;00000006;4;0;2026-01-21;;724.0;;;;;;2026-01-21;0;
ac1h0126.fac;01900;02;FA;A;00000189;00000272;2;0;2026-01-22;2026-01-22;65.0;1.0;65.0;0;S;;;;
ac1h0126.fac;01900;05;RC;;00007852;00000046;4;0;2026-01-22;;720.01;;;;;;2026-01-22;0;
ac1h0126.fac;01900;02;FA;B;19211839;00000301;2;0;2026-01-22;2026-01-22;65.0;1.0;65.0;0;S;;;;
ac1h0126.fac;01900;02;FA;B;19211840;00000293;2;0;2026-01-22;2026-01-22;100.0;1.0;100.0;0;S;;;;
ac1h0126.fac;00003;05;RC;;00100969;00000233;4;0;2026-01-23;;144423.78;;;;;;2026-01-23;0;
ac1h0126.fac;00003;05;RC;;00100970;00000298;4;0;2026-01-23;;1566572.7;;;;;;2026-01-23;0;
ac1h0126.fac;01900;05;RC;;00001080;00000048;4;0;2026-01-23;;92.8;;;;;;2026-01-23;0;
ac1h0126.fac;01900;05;RC;;00001087;00000243;4;0;2026-01-23;;269.64;;;;;;2026-01-23;0;
ac1h0126.fac;01900;05;RC;;00001088;00000299;4;0;2026-01-23;;89.0;;;;;;2026-01-23;0;
ac1h0126.fac;01900;05;RC;;00001089;00000301;4;0;2026-01-23;;65.0;;;;;;2026-01-23;0;
ac1h0126.fac;01900;05;RC;;00007913;00000063;4;0;2026-01-23;;4813.68;;;;;;2026-01-23;0;
ac1h0126.fac;01900;05;RC;;00007921;00000006;4;0;2026-01-23;;1031.0;;;;;;2026-01-23;0;
ac1h0126.fac;01900;02;FA;B;19211836;00000243;2;0;2026-01-23;2026-01-23;269.64;1.0;269.64;0;S;;;;
ac1h0126.fac;01900;05;RC;;00001081;00000050;4;0;2026-01-24;;1748.42;;;;;;2026-01-24;0;
ac1h0126.fac;00003;02;FA;A;00001165;00000027;2;0;2026-01-26;2026-01-26;433809.8;1460.0;297.13;1;S;86041381518393.0;;;
ac1h0126.fac;00003;05;RC;;00007853;00000207;4;0;2026-01-26;;634629.0;;;;;;2026-01-26;0;
ac1h0126.fac;01900;02;FA;B;19211835;00000243;2;0;2026-01-26;2026-01-26;266.37;1.0;266.37;0;S;;;;
ac1h0126.fac;00003;02;FA;A;00001166;00000027;2;0;2026-01-27;2026-01-27;764217.54;1465.0;521.65;1;S;86041527862392.0;;;
ac1h0126.fac;01900;02;FA;B;19211831;00000214;2;0;2026-01-27;2026-01-27;216.39;1.0;216.39;0;S;;;;
ac1h0126.fac;00003;02;FA;A;00001167;00000302;2;0;2026-01-28;2026-01-28;204514.0;1465.0;139.6;1;S;86051784502833.0;;;
ac1h0126.fac;00003;05;RC;;00100974;00000022;4;0;2026-01-28;;193700.0;;;;;;2026-01-28;0;
ac1h0126.fac;01900;05;RC;;00001084;00000214;4;0;2026-01-28;;216.39;;;;;;2026-01-28;0;
ac1h0126.fac;01900;05;RC;;00001085;00000144;4;0;2026-01-28;;266.0;;;;;;2026-01-28;0;
ac1h0126.fac;01900;05;RC;;00001101;00000296;4;0;2026-01-28;;392.39;;;;;;2026-01-28;0;
ac1h0126.fac;01900;02;FA;B;19211833;00000144;2;0;2026-01-28;2026-01-28;266.0;1.0;266.0;0;S;;;;
ac1h0126.fac;01900;02;FA;B;19211861;00000296;2;0;2026-01-28;2026-01-28;392.39;1.0;392.39;0;S;;;;
ac1h0126.fac;00003;05;RC;;00100975;00000302;4;0;2026-01-29;;204514.0;;;;;;2026-01-29;0;
ac1h0126.fac;01900;05;RC;;00007854;00000058;4;0;2026-01-29;;400.0;;;;;;2026-01-29;0;
ac1h0126.fac;00003;02;FA;A;00001168;00000067;2;0;2026-01-30;2026-01-30;1183501.61;1.0;1183501.61;0;S;86052406083161.0;;;
ac1h0126.fac;00003;02;FA;A;00001169;00000067;2;0;2026-01-30;2026-01-30;960165.37;1.0;960165.37;0;S;86052406742578.0;;;
ac1h0126.fac;00003;02;FA;A;00001170;00000210;2;0;2026-01-30;2026-01-30;7287237.38;1.0;7287237.38;0;S;86052428654175.0;;;
ac1h0126.fac;00003;02;FA;A;00001171;00000205;2;0;2026-01-30;2026-01-30;9752242.77;1.0;9752242.77;0;S;86052429341802.0;;;
ac1h0126.fac;00003;02;FA;A;00001172;00000209;2;0;2026-01-30;2026-01-30;13073095.89;1.0;13073095.89;0;S;86052429737659.0;;;
ac1h0126.fac;00003;05;RC;;00007916;00000007;4;0;2026-01-30;;500000.0;;;;;;2026-01-30;0;
ac1h0126.fac;01900;05;RC;;00007855;00000276;4;0;2026-01-30;;159.41;;;;;;2026-01-30;0;
ac1h0126.fac;01900;05;RC;;00007914;00000006;4;0;2026-01-30;;1370.0;;;;;;2026-01-30;0;
ac1h0126.fac;01900;05;RC;;00007915;00000056;4;0;2026-01-30;;3000.0;;;;;;2026-01-30;0;
ac1h0126.fac;01900;05;RC;;00007993;00000296;4;0;2026-01-30;;222.0;;;;;;2026-01-30;0;
ac1h0126.fac;01900;02;FA;B;19211832;00000276;2;0;2026-01-30;2026-01-30;159.41;1.0;159.41;0;S;;;;
ac1h0126.fac;01900;02;FA;B;19211939;00000111;2;0;2026-01-31;2026-01-31;251.57;1.0;251.57;0;S;;;;
ac1h0226.fac;01900;05;RC;;00001340;00000312;4;0;2026-02-01;;443.28;;;;;;2026-02-01;0;
ac1h0226.fac;00003;05;RC;;00100973;00000028;4;0;2026-02-02;;1000000.0;;;;;;2026-02-02;0;
ac1h0226.fac;01900;05;RC;;00001090;00000181;4;0;2026-02-02;;611.62;;;;;;2026-02-02;0;
ac1h0226.fac;01900;05;RC;;00001097;00000172;4;0;2026-02-02;;160.75;;;;;;2026-02-02;0;
ac1h0226.fac;01900;02;FA;B;19211837;00000249;2;0;2026-02-02;2026-02-02;158.57;1.0;158.57;0;S;;;;
ac1h0226.fac;01900;02;FA;B;19211900;00000181;2;0;2026-02-02;2026-02-02;611.62;1.0;611.62;0;S;;;;
ac1h0226.fac;00003;04;NC;A;00000149;00000004;2;0;2026-02-03;2026-02-03;2329749.1;1490.0;1563.59;1;S;86052432858423.0;;;
ac1h0226.fac;01900;02;FA;A;00000188;00000172;2;0;2026-02-03;2026-02-03;160.75;1.0;160.75;0;S;;;;
ac1h0226.fac;00003;05;RC;;00100976;00000018;4;0;2026-02-05;;400138.98;;;;;;2026-02-05;0;
ac1h0226.fac;00003;05;RC;;00100982;00000027;4;0;2026-02-05;;1198027.34;;;;;;2026-02-05;0;
ac1h0226.fac;00003;05;RC;;00100983;00000242;4;0;2026-02-05;;400000.0;;;;;;2026-02-05;0;
ac1h0226.fac;01900;05;RC;;00001095;00000136;4;0;2026-02-05;;2543.27;;;;;;2026-02-05;0;
ac1h0226.fac;01900;05;RC;;00007917;00000042;4;0;2026-02-05;;1000.0;;;;;;2026-02-05;0;
ac1h0226.fac;01900;02;FA;B;19211841;00000252;2;0;2026-02-05;2026-02-05;1929.51;1.0;1929.51;0;S;;;;
ac1h0226.fac;01900;02;FA;B;19211842;00000221;2;0;2026-02-05;2026-02-05;990.79;1.0;990.79;0;S;;;;
ac1h0226.fac;00003;02;FA;A;00001173;00000007;2;0;2026-02-06;2026-02-06;962771.0;1450.0;663.98;1;S;86062875302699.0;;;
ac1h0226.fac;00003;05;RC;;00101032;00000004;4;0;2026-02-06;;6075668.7;;;;;;2026-02-06;0;
ac1h0226.fac;01900;05;RC;;00001092;00000132;4;0;2026-02-06;;711.1;;;;;;2026-02-06;0;
ac1h0226.fac;01900;05;RC;;00001093;00000056;4;0;2026-02-06;;4350.0;;;;;;2026-02-06;0;
ac1h0226.fac;01900;05;RC;;00007918;00000056;4;0;2026-02-06;;1995.0;;;;;;2026-02-06;0;
ac1h0226.fac;01900;05;RC;;00007919;00000202;4;0;2026-02-06;;7288.9;;;;;;2026-02-06;0;
ac1h0226.fac;01900;05;RC;;00007920;00000006;4;0;2026-02-06;;600.0;;;;;;2026-02-06;0;
ac1h0226.fac;01900;05;RC;;00001098;00000299;4;0;2026-02-07;;148.0;;;;;;2026-02-07;0;
ac1h0226.fac;00003;05;RC;;00100984;00000067;4;0;2026-02-09;;2143666.98;;;;;;2026-02-09;0;
ac1h0226.fac;01900;02;FA;A;00000190;00000016;2;0;2026-02-09;2026-02-09;335.83;1.0;335.83;0;S;;;;
ac1h0226.fac;01900;05;RC;;00001094;00000066;4;0;2026-02-09;;278.0;;;;;;2026-02-09;0;
ac1h0226.fac;01900;02;FA;B;19211843;00000111;2;0;2026-02-09;2026-02-09;92.52;1.0;92.52;0;S;;;;
ac1h0226.fac;01900;02;FA;B;19211844;00000299;2;0;2026-02-09;2026-02-09;148.0;1.0;148.0;0;S;;;;
ac1h0226.fac;00003;02;FA;A;00001174;00000295;2;0;2026-02-10;2026-02-10;1138717.5;1425.0;799.1;1;S;86063399280882.0;;;
ac1h0226.fac;00003;02;FA;A;00001175;00000233;2;0;2026-02-10;2026-02-10;76237.5;1425.0;53.5;1;S;86063400236003.0;;;
ac1h0226.fac;00003;02;FA;A;00001176;00000014;2;0;2026-02-10;2026-02-10;421785.75;1425.0;295.99;1;S;86063400651073.0;;;
ac1h0226.fac;00003;02;FA;A;00001177;00000027;2;0;2026-02-10;2026-02-10;459835.53;1425.0;322.69;1;S;86063400980802.0;;;
ac1h0226.fac;00003;02;FA;A;00001178;00000213;2;0;2026-02-10;2026-02-10;395373.8;1425.0;277.46;1;S;86063401278841.0;;;
ac1h0226.fac;00003;02;FA;A;00001179;00000025;2;0;2026-02-10;2026-02-10;2258468.25;1425.0;1584.89;1;S;86063403480198.0;;;
ac1h0226.fac;00003;02;FA;A;00001180;00000139;2;0;2026-02-10;2026-02-10;1730192.25;1425.0;1214.17;1;S;86063404066798.0;;;
ac1h0226.fac;00003;05;RC;;00100977;00000207;4;0;2026-02-10;;1000000.0;;;;;;2026-02-10;0;
ac1h0226.fac;00003;05;RC;;00100978;00000005;4;0;2026-02-10;;571608.7;;;;;;2026-02-10;0;
ac1h0226.fac;00003;05;RC;;00100981;00000175;4;0;2026-02-10;;97803.6;;;;;;2026-02-10;0;
ac1h0226.fac;01900;05;RC;;00001103;00000045;4;0;2026-02-10;;914.15;;;;;;2026-02-10;0;
ac1h0226.fac;01900;05;RC;;00009999;00000016;4;0;2026-02-10;;647.15;;;;;;2026-02-10;0;
ac1h0226.fac;00003;02;FA;A;00001181;00000005;2;0;2026-02-11;2026-02-11;546806.5;1420.0;385.08;1;S;86063523349943.0;;;
ac1h0226.fac;00003;02;FA;A;00001182;00000233;2;0;2026-02-11;2026-02-11;75828.0;1420.0;53.4;1;S;86063523806325.0;;;
ac1h0226.fac;00003;05;RC;;00007923;00000025;4;0;2026-02-11;;2258468.25;;;;;;2026-02-11;0;
ac1h0226.fac;01900;02;FA;A;00000192;00000136;2;0;2026-02-11;2026-02-11;622.7;1.0;622.7;0;S;;;;
ac1h0226.fac;01900;02;FA;A;00000193;00000006;2;0;2026-02-11;2026-02-11;824.15;1.0;824.15;0;S;;;;
ac1h0226.fac;01900;02;FA;A;00000194;00000046;2;0;2026-02-11;2026-02-11;1086.32;1.0;1086.32;0;S;;;;
ac1h0226.fac;01900;02;FA;A;00000195;00000016;2;0;2026-02-11;2026-02-11;311.32;1.0;311.32;0;S;;;;
ac1h0226.fac;01900;02;FA;A;00000196;00000143;2;0;2026-02-11;2026-02-11;264.0;1.0;264.0;0;S;;;;
ac1h0226.fac;01900;02;FA;A;00000197;00000272;2;0;2026-02-11;2026-02-11;70.0;1.0;70.0;0;S;;;;
ac1h0226.fac;01900;05;RC;;00001096;00000205;4;0;2026-02-11;;10236.8;;;;;;2026-02-11;0;
ac1h0226.fac;01900;05;RC;;00007922;00000143;4;0;2026-02-11;;264.0;;;;;;2026-02-11;0;
ac1h0226.fac;01900;02;FA;B;19211845;00000132;2;0;2026-02-11;2026-02-11;901.77;1.0;901.77;0;S;;;;
ac1h0226.fac;01900;02;FA;B;19211846;00000037;2;0;2026-02-11;2026-02-11;609.09;1.0;609.09;0;S;;;;
ac1h0226.fac;01900;02;FA;B;19211847;00000096;2;0;2026-02-11;2026-02-11;2864.43;1.0;2864.43;0;S;;;;
ac1h0226.fac;01900;02;FA;B;19211848;00000066;2;0;2026-02-11;2026-02-11;124.79;1.0;124.79;0;S;;;;
ac1h0226.fac;01900;02;FA;B;19211849;00000061;2;0;2026-02-11;2026-02-11;2524.28;1.0;2524.28;0;S;;;;
ac1h0226.fac;01900;02;FA;B;19211850;00000045;2;0;2026-02-11;2026-02-11;914.15;1.0;914.15;0;S;;;;
ac1h0226.fac;01900;02;FA;B;19211851;00000058;2;0;2026-02-11;2026-02-11;294.14;1.0;294.14;0;S;;;;
ac1h0226.fac;01900;02;FA;B;19211852;00000063;2;0;2026-02-11;2026-02-11;4619.37;1.0;4619.37;0;S;;;;
ac1h0226.fac;01900;02;FA;B;19211853;00000056;2;0;2026-02-11;2026-02-11;5902.01;1.0;5902.01;0;S;;;;
ac1h0226.fac;01900;02;FA;B;19211854;00000024;2;0;2026-02-11;2026-02-11;880.27;1.0;880.27;0;S;;;;
ac1h0226.fac;01900;02;FA;B;19211855;00000034;2;0;2026-02-11;2026-02-11;1194.01;1.0;1194.01;0;S;;;;
ac1h0226.fac;01900;02;FA;B;19211856;00000050;2;0;2026-02-11;2026-02-11;1169.41;1.0;1169.41;0;S;;;;
ac1h0226.fac;01900;02;FA;B;19211858;00000202;2;0;2026-02-11;2026-02-11;2522.63;1.0;2522.63;0;S;;;;
ac1h0226.fac;00003;04;NC;A;00000150;00000139;2;0;2026-02-12;2026-02-12;335279.8;1490.0;225.02;1;S;86073660583023.0;;;
ac1h0226.fac;00003;02;FA;A;00001183;00000004;2;0;2026-02-12;2026-02-12;2821863.75;1415.0;1994.25;1;S;86073656070675.0;;;
ac1h0226.fac;00003;02;FA;A;00001184;00000303;2;0;2026-02-12;2026-02-12;90560.0;1415.0;64.0;1;S;86073678975044.0;;;
ac1h0226.fac;01900;05;RC;;00001144;00000181;4;0;2026-02-12;;611.62;;;;;;2026-02-12;0;
ac1h0226.fac;01900;02;FA;B;19211860;00000252;2;0;2026-02-12;2026-02-12;347.13;1.0;347.13;0;S;;;;
ac1h0226.fac;00003;05;RC;;00100985;00000013;4;0;2026-02-13;;641087.4;;;;;;2026-02-13;0;
ac1h0226.fac;00003;05;RC;;00100986;00000207;4;0;2026-02-13;;640000.0;;;;;;2026-02-13;0;
ac1h0226.fac;01900;05;RC;;00001099;00000214;4;0;2026-02-13;;162.61;;;;;;2026-02-13;0;
ac1h0226.fac;01900;05;RC;;00001104;00000006;4;0;2026-02-13;;500.0;;;;;;2026-02-13;0;
ac1h0226.fac;01900;05;RC;;00001105;00000255;4;0;2026-02-13;;116.13;;;;;;2026-02-13;0;
ac1h0226.fac;01900;02;FA;B;19211859;00000214;2;0;2026-02-13;2026-02-13;162.61;1.0;162.61;0;S;;;;
ac1h0226.fac;01900;05;RC;;00001091;00000045;4;0;2026-02-14;;758.4;;;;;;2026-02-14;0;
ac1h0226.fac;01900;05;RC;;00001100;00000296;4;0;2026-02-14;;276.0;;;;;;2026-02-14;0;
ac1h0226.fac;00003;04;NC;A;00000151;00000027;2;0;2026-02-18;2026-02-18;459835.53;1425.0;322.69;1;S;86074366246282.0;;;
ac1h0226.fac;00003;02;FA;A;00001185;00000285;2;0;2026-02-18;2026-02-18;147055.2;1420.0;103.56;1;S;86074364374849.0;;;
ac1h0226.fac;00003;02;FA;A;00001186;00000268;2;0;2026-02-18;2026-02-18;255600.0;1420.0;180.0;1;S;86074372517998.0;;;
ac1h0226.fac;00003;02;FA;A;00001187;00000275;2;0;2026-02-18;2026-02-18;303052.85;1420.0;213.42;1;S;86074373006505.0;;;
ac1h0226.fac;00003;05;RC;;00100979;00000018;4;0;2026-02-18;;364795.6;;;;;;2026-02-18;0;
ac1h0226.fac;00003;05;RC;;00100989;00000285;4;0;2026-02-18;;147055.2;;;;;;2026-02-18;0;
ac1h0226.fac;00003;05;RC;;00100992;00000303;4;0;2026-02-18;;90560.0;;;;;;2026-02-18;0;
ac1h0226.fac;01900;02;FA;A;00000198;00000136;2;0;2026-02-18;2026-02-18;1186.69;1.0;1186.69;0;S;;;;
ac1h0226.fac;01900;02;FA;A;00000202;00000304;2;0;2026-02-18;2026-02-18;8568.96;1.0;8568.96;0;S;;;;
ac1h0226.fac;01900;05;RC;;00001102;00000050;4;0;2026-02-18;;1089.41;;;;;;2026-02-18;0;
ac1h0226.fac;01900;05;RC;;00001114;00000224;4;0;2026-02-18;;349.38;;;;;;2026-02-18;0;
ac1h0226.fac;01900;05;RC;;00001116;00000304;4;0;2026-02-18;;3521.12;;;;;;2026-02-18;0;
ac1h0226.fac;01900;05;RC;;00001117;00000304;4;0;2026-02-18;;3556.0;;;;;;2026-02-18;0;
ac1h0226.fac;01900;02;FA;B;19211862;00000296;2;0;2026-02-18;2026-02-18;276.0;1.0;276.0;0;S;;;;
ac1h0226.fac;01900;02;FA;B;19211863;00000221;2;0;2026-02-18;2026-02-18;313.34;1.0;313.34;0;S;;;;
ac1h0226.fac;01900;02;FA;B;19211865;00000224;2;0;2026-02-18;2026-02-18;349.38;1.0;349.38;0;S;;;;
ac1h0226.fac;00003;04;NC;A;00000152;00000014;2;0;2026-02-19;2026-02-19;223425.5;1490.0;149.95;1;S;86084469672900.0;;;
ac1h0226.fac;00003;02;FA;A;00001188;00000207;2;0;2026-02-19;2026-02-19;843906.0;1420.0;594.3;1;S;86084465434211.0;;;
ac1h0226.fac;00003;05;RC;;00100988;00000275;4;0;2026-02-19;;303052.85;;;;;;2026-02-19;0;
ac1h0226.fac;01900;05;RC;;00001106;00000136;4;0;2026-02-19;;1809.39;;;;;;2026-02-19;0;
ac1h0226.fac;01900;05;RC;;00001113;00000221;4;0;2026-02-19;;1000.0;;;;;;2026-02-19;0;
ac1h0226.fac;01900;05;RC;;00001118;00000304;4;0;2026-02-19;;915.49;;;;;;2026-02-19;0;
ac1h0226.fac;01900;05;RC;;00007925;00000096;4;0;2026-02-19;;2864.43;;;;;;2026-02-19;0;
ac1h0226.fac;01900;02;FA;B;19211864;00000154;2;0;2026-02-19;2026-02-19;288.38;1.0;288.38;0;S;;;;
ac1h0226.fac;00003;02;FA;A;00001189;00000280;2;0;2026-02-20;2026-02-20;743535.0;1395.0;533.0;1;S;86084634599438.0;;;
ac1h0226.fac;00003;02;FA;A;00001190;00000280;2;0;2026-02-20;2026-02-20;804915.0;1395.0;577.0;1;S;86084635944513.0;;;
ac1h0226.fac;00003;05;RC;;00007856;00000007;4;0;2026-02-20;;1200000.0;;;;;;2026-02-20;0;
ac1h0226.fac;00003;05;RC;;00100990;00000014;4;0;2026-02-20;;198360.25;;;;;;2026-02-20;0;
ac1h0226.fac;01900;05;RC;;00001107;00000066;4;0;2026-02-20;;355.87;;;;;;2026-02-20;0;
ac1h0226.fac;01900;05;RC;;00001108;00000293;4;0;2026-02-20;;485.0;;;;;;2026-02-20;0;
ac1h0226.fac;01900;05;RC;;00001109;00000024;4;0;2026-02-20;;1296.86;;;;;;2026-02-20;0;
ac1h0226.fac;01900;05;RC;;00001115;00000154;4;0;2026-02-20;;288.38;;;;;;2026-02-20;0;
ac1h0226.fac;01900;05;RC;;00001122;00000301;4;0;2026-02-20;;186.0;;;;;;2026-02-20;0;
ac1h0226.fac;01900;02;FA;B;19211872;00000221;2;0;2026-02-20;2026-02-20;658.42;1.0;658.42;0;S;;;;
ac1h0226.fac;01900;02;FA;B;19211901;00000181;2;0;2026-02-20;2026-02-20;611.62;1.0;611.62;0;S;;;;
ac1h0226.fac;00003;04;NC;A;00000153;00000280;2;0;2026-02-23;2026-02-23;743535.0;1395.0;533.0;1;S;86084912486163.0;;;
ac1h0226.fac;00003;04;NC;A;00000154;00000280;2;0;2026-02-23;2026-02-23;804915.0;1395.0;577.0;1;S;86084913620669.0;;;
ac1h0226.fac;01900;02;FA;B;19211869;00000296;2;0;2026-02-23;2026-02-23;138.0;1.0;138.0;0;S;;;;
ac1h0226.fac;01900;02;FA;B;19211871;00000301;2;0;2026-02-23;2026-02-23;186.0;1.0;186.0;0;S;;;;
ac1h0226.fac;01900;02;FA;B;19211902;00000181;2;0;2026-02-23;2026-02-23;560.0;1.0;560.0;0;S;;;;
ac1h0226.fac;00003;05;RC;;00007857;00000139;4;0;2026-02-24;;8557938.87;;;;;;2026-02-24;0;
ac1h0226.fac;00003;05;RC;;00100991;00000207;4;0;2026-02-24;;600000.0;;;;;;2026-02-24;0;
ac1h0226.fac;01900;05;RC;;00001110;00000200;4;0;2026-02-24;;3292.27;;;;;;2026-02-24;0;
ac1h0226.fac;01900;02;FA;B;19211866;00000202;2;0;2026-02-24;2026-02-24;3767.4;1.0;3767.4;0;S;;;;
ac1h0226.fac;01900;02;FA;B;19211867;00000200;2;0;2026-02-24;2026-02-24;3292.27;1.0;3292.27;0;S;;;;
ac1h0226.fac;01900;05;RC;;00001119;00000056;4;0;2026-02-25;;4080.0;;;;;;2026-02-25;0;
ac1h0226.fac;01900;05;RC;;00001126;00000306;4;0;2026-02-25;;2109.0;;;;;;2026-02-25;0;
ac1h0226.fac;01900;05;RC;;00001141;00000056;4;0;2026-02-25;;5035.0;;;;;;2026-02-25;0;
ac1h0226.fac;01900;05;RC;;00007858;00000043;4;0;2026-02-25;;353.36;;;;;;2026-02-25;0;
ac1h0226.fac;01900;05;RC;;00007859;00000046;4;0;2026-02-25;;1064.19;;;;;;2026-02-25;0;
ac1h0226.fac;01900;05;RC;;00007860;00000063;4;0;2026-02-25;;4619.37;;;;;;2026-02-25;0;
ac1h0226.fac;01900;02;FA;B;19211868;00000034;2;0;2026-02-25;2026-02-25;2090.9;1.0;2090.9;0;S;;;;
ac1h0226.fac;01900;02;FA;A;00000199;00000216;2;0;2026-02-26;2026-02-26;4073.0;1.0;4073.0;0;S;;;;
ac1h0226.fac;01900;02;FA;A;00000200;00000172;2;0;2026-02-26;2026-02-26;134.06;1.0;134.06;0;S;;;;
ac1h0226.fac;01900;05;RC;;00001121;00000172;4;0;2026-02-26;;134.06;;;;;;2026-02-26;0;
ac1h0226.fac;01900;02;FA;B;19211879;00000305;2;0;2026-02-26;2026-02-26;125.83;1.0;125.83;0;S;;;;
ac1h0226.fac;01900;05;RC;;00007861;00000252;4;0;2026-02-27;;1700.0;;;;;;2026-02-27;0;
ac1h0326.fac;00003;05;RC;;00100993;00000207;4;0;2026-03-01;;426000.0;;;;;;2026-03-01;0;
ac1h0326.fac;00003;02;FA;B;00000207;00000017;2;0;2026-03-02;2026-03-02;976059.93;1415.0;689.8;1;S;86095951913106.0;;;
ac1h0326.fac;00003;02;FA;A;00001191;00000233;2;0;2026-03-02;2026-03-02;76777.9;1415.0;54.26;1;S;86095953144487.0;;;
ac1h0326.fac;00003;02;FA;A;00001192;00000281;2;0;2026-03-02;2026-03-02;91975.0;1415.0;65.0;1;S;86096107998547.0;;;
ac1h0326.fac;00003;02;FA;A;00001193;00000281;2;0;2026-03-02;2026-03-02;99050.0;1415.0;70.0;1;S;86096108519217.0;;;
ac1h0326.fac;00003;02;FA;A;00001194;00000067;2;0;2026-03-02;2026-03-02;1252506.08;1.0;1252506.08;0;S;86096199635157.0;;;
ac1h0326.fac;00003;02;FA;A;00001195;00000067;2;0;2026-03-02;2026-03-02;2259132.19;1.0;2259132.19;0;S;86096200332381.0;;;
ac1h0326.fac;01900;02;FA;B;19211878;00000306;2;0;2026-03-02;2026-03-02;2109.0;1.0;2109.0;0;S;;;;
ac1h0326.fac;01900;02;FA;A;00000203;00000136;2;0;2026-03-03;2026-03-03;223.1;1.0;223.1;0;S;;;;
ac1h0326.fac;01900;02;FA;A;00000204;00000143;2;0;2026-03-03;2026-03-03;197.0;1.0;197.0;0;S;;;;
ac1h0326.fac;01900;05;RC;;00001120;00000034;4;0;2026-03-03;;148.0;;;;;;2026-03-03;0;
ac1h0326.fac;01900;05;RC;;00001125;00000249;4;0;2026-03-03;;792.44;;;;;;2026-03-03;0;
ac1h0326.fac;01900;05;RC;;00001128;00000143;4;0;2026-03-03;;197.0;;;;;;2026-03-03;0;
ac1h0326.fac;01900;05;RC;;00007862;00000136;4;0;2026-03-03;;223.1;;;;;;2026-03-03;0;
ac1h0326.fac;01900;02;FA;B;19211874;00000066;2;0;2026-03-03;2026-03-03;843.02;1.0;843.02;0;S;;;;
ac1h0326.fac;01900;02;FA;B;19211876;00000043;2;0;2026-03-03;2026-03-03;483.32;1.0;483.32;0;S;;;;
ac1h0326.fac;01900;02;FA;B;19211877;00000235;2;0;2026-03-03;2026-03-03;650.0;1.0;650.0;0;S;;;;
ac1h0326.fac;00003;05;RC;;00100994;00000268;4;0;2026-03-04;;255600.0;;;;;;2026-03-04;0;
ac1h0326.fac;00003;05;RC;;00100996;00000213;4;0;2026-03-04;;395373.8;;;;;;2026-03-04;0;
ac1h0326.fac;01900;05;RC;;00001129;00000037;4;0;2026-03-04;;609.09;;;;;;2026-03-04;0;
ac1h0326.fac;01900;05;RC;;00001133;00000296;4;0;2026-03-04;;138.0;;;;;;2026-03-04;0;
ac1h0326.fac;01900;02;FA;B;19211880;00000050;2;0;2026-03-04;2026-03-04;1280.45;1.0;1280.45;0;S;;;;
ac1h0326.fac;01900;05;RC;;00001132;00000272;4;0;2026-03-05;;182.74;;;;;;2026-03-05;0;
ac1h0326.fac;01900;02;FA;B;19211893;00000305;2;0;2026-03-05;2026-03-05;145.92;1.0;145.92;0;S;;;;
ac1h0326.fac;00003;02;FA;A;00001196;00000138;2;0;2026-03-06;2026-03-06;459800.0;1.0;459800.0;0;S;86106564502968.0;;;
ac1h0326.fac;00003;05;RC;;00100995;00000233;4;0;2026-03-06;;213700.0;;;;;;2026-03-06;0;
ac1h0326.fac;01900;05;RC;;00001123;00000058;4;0;2026-03-06;;709.35;;;;;;2026-03-06;0;
ac1h0326.fac;01900;05;RC;;00001124;00000288;4;0;2026-03-06;;184.53;;;;;;2026-03-06;0;
ac1h0326.fac;01900;05;RC;;00001127;00000216;4;0;2026-03-06;;4073.0;;;;;;2026-03-06;0;
ac1h0326.fac;01900;05;RC;;00001160;00000316;4;0;2026-03-06;;52.0;;;;;;2026-03-06;0;
ac1h0326.fac;01900;02;FA;B;19211887;00000288;2;0;2026-03-06;2026-03-06;184.53;1.0;184.53;0;S;;;;
ac1h0326.fac;01900;02;FA;B;19211888;00000250;2;0;2026-03-06;2026-03-06;47.96;1.0;47.96;0;S;;;;
ac1h0326.fac;01900;02;FA;B;19211889;00000122;2;0;2026-03-06;2026-03-06;163.53;1.0;163.53;0;S;;;;
ac1h0326.fac;01900;02;FA;B;19211912;00000316;2;0;2026-03-06;2026-03-06;52.0;1.0;52.0;0;S;;;;
ac1h0326.fac;00003;02;FA;A;00001197;00000007;2;0;2026-03-09;2026-03-09;692942.4;1440.0;481.21;1;S;86106895102298.0;;;
ac1h0326.fac;00003;02;FA;A;00001198;00000026;2;0;2026-03-09;2026-03-09;1485770.4;1440.0;1031.79;1;S;86106897028020.0;;;
ac1h0326.fac;00003;02;FA;A;00001199;00000025;2;0;2026-03-09;2026-03-09;1039003.2;1440.0;721.53;1;S;86106900242649.0;;;
ac1h0326.fac;00003;05;RC;;00007863;00000017;4;0;2026-03-09;;976059.93;;;;;;2026-03-09;0;
ac1h0326.fac;00003;05;RC;;00101002;00000138;4;0;2026-03-09;;459800.0;;;;;;2026-03-09;0;
ac1h0326.fac;01900;02;FA;A;00000205;00000136;2;0;2026-03-09;2026-03-09;951.0;1.0;951.0;0;S;;;;
ac1h0326.fac;01900;02;FA;A;00000206;00000006;2;0;2026-03-09;2026-03-09;441.02;1.0;441.02;0;S;;;;
ac1h0326.fac;01900;02;FA;A;00000208;00000136;2;0;2026-03-09;2026-03-09;1395.74;1.0;1395.74;0;S;;;;
ac1h0326.fac;01900;05;RC;;00001130;00000045;4;0;2026-03-09;;1321.33;;;;;;2026-03-09;0;
ac1h0326.fac;01900;05;RC;;00001131;00000250;4;0;2026-03-09;;47.96;;;;;;2026-03-09;0;
ac1h0326.fac;01900;05;RC;;00001136;00000132;4;0;2026-03-09;;1320.4;;;;;;2026-03-09;0;
ac1h0326.fac;01900;05;RC;;00007951;00000202;4;0;2026-03-09;;6290.03;;;;;;2026-03-09;0;
ac1h0326.fac;01900;02;FA;B;19211881;00000132;2;0;2026-03-09;2026-03-09;1042.89;1.0;1042.89;0;S;;;;
ac1h0326.fac;01900;02;FA;B;19211882;00000056;2;0;2026-03-09;2026-03-09;9744.14;1.0;9744.14;0;S;;;;
ac1h0326.fac;01900;02;FA;B;19211883;00000045;2;0;2026-03-09;2026-03-09;1321.33;1.0;1321.33;0;S;;;;
ac1h0326.fac;01900;02;FA;B;19211884;00000061;2;0;2026-03-09;2026-03-09;2063.71;1.0;2063.71;0;S;;;;
ac1h0326.fac;01900;02;FA;B;19211885;00000034;2;0;2026-03-09;2026-03-09;705.06;1.0;705.06;0;S;;;;
ac1h0326.fac;01900;02;FA;B;19211890;00000068;2;0;2026-03-09;2026-03-09;567.31;1.0;567.31;0;S;;;;
ac1h0326.fac;01900;02;FA;B;19211891;00000058;2;0;2026-03-09;2026-03-09;530.94;1.0;530.94;0;S;;;;
ac1h0326.fac;01900;02;FA;B;19211892;00000252;2;0;2026-03-09;2026-03-09;574.12;1.0;574.12;0;S;;;;
ac1h0326.fac;01900;02;FA;B;19211899;00000296;2;0;2026-03-09;2026-03-09;138.0;1.0;138.0;0;S;;;;
ac1h0326.fac;01900;02;FA;B;19211917;00000318;2;0;2026-03-09;2026-03-09;48.0;1.0;48.0;0;S;;;;
ac1h0326.fac;01900;02;FA;B;19211960;00000063;2;0;2026-03-09;2026-03-09;2991.18;1.0;2991.18;0;S;;;;
ac1h0326.fac;00003;02;FA;A;00001200;00000139;2;0;2026-03-10;2026-03-10;3757036.0;1420.0;2645.8;1;S;86107111290903.0;;;
ac1h0326.fac;00003;05;RC;;00100997;00000207;4;0;2026-03-10;;90131.25;;;;;;2026-03-10;0;
ac1h0326.fac;00003;05;RC;;00100998;00000281;4;0;2026-03-10;;191025.0;;;;;;2026-03-10;0;
ac1h0326.fac;01900;05;RC;;00001134;00000305;4;0;2026-03-10;;125.83;;;;;;2026-03-10;0;
ac1h0326.fac;01900;05;RC;;00001135;00000305;4;0;2026-03-10;;145.92;;;;;;2026-03-10;0;
ac1h0326.fac;01900;05;RC;;00001137;00000045;4;0;2026-03-10;;168.14;;;;;;2026-03-10;0;
ac1h0326.fac;01900;05;RC;;00001138;00000111;4;0;2026-03-10;;92.52;;;;;;2026-03-10;0;
ac1h0326.fac;01900;05;RC;;00001143;00000042;4;0;2026-03-10;;1975.14;;;;;;2026-03-10;0;
ac1h0326.fac;01900;05;RC;;00001145;00000181;4;0;2026-03-10;;611.62;;;;;;2026-03-10;0;
ac1h0326.fac;01900;05;RC;;00007864;00000235;4;0;2026-03-10;;650.0;;;;;;2026-03-10;0;
ac1h0326.fac;01900;05;RC;;00007952;00000006;4;0;2026-03-10;;423.0;;;;;;2026-03-10;0;
ac1h0326.fac;01900;02;FA;B;19211936;00000305;2;0;2026-03-10;2026-03-10;158.56;1.0;158.56;0;S;;;;
ac1h0326.fac;00003;04;NC;A;00000155;00000004;2;0;2026-03-11;2026-03-11;96800.15;1415.0;68.41;1;S;86107200015652.0;;;
ac1h0326.fac;00003;02;FA;A;00001201;00000308;2;0;2026-03-11;2026-03-11;605181.35;1415.0;427.69;1;S;86107249160409.0;;;
ac1h0326.fac;01900;02;FA;B;19211897;00000119;2;0;2026-03-11;2026-03-11;1240.77;1.0;1240.77;0;S;;;;
ac1h0326.fac;01900;02;FA;B;19211905;00000299;2;0;2026-03-11;2026-03-11;158.0;1.0;158.0;0;S;;;;
ac1h0326.fac;01900;02;FA;B;19211918;00000312;2;0;2026-03-11;2026-03-11;53.0;1.0;53.0;0;S;;;;
ac1h0326.fac;00003;02;FA;A;00001202;00000004;2;0;2026-03-12;2026-03-12;4130512.35;1415.0;2919.09;1;S;86117395097359.0;;;
ac1h0326.fac;00003;05;RC;;00100999;00000209;4;0;2026-03-12;;13073095.89;;;;;;2026-03-12;0;
ac1h0326.fac;00003;05;RC;;00101000;00000210;4;0;2026-03-12;;7287237.38;;;;;;2026-03-12;0;
ac1h0326.fac;00003;05;RC;;00101001;00000205;4;0;2026-03-12;;9752242.77;;;;;;2026-03-12;0;
ac1h0326.fac;00003;05;RC;;00101004;00000308;4;0;2026-03-12;;605181.35;;;;;;2026-03-12;0;
ac1h0326.fac;01900;05;RC;;00001164;00000318;4;0;2026-03-12;;48.0;;;;;;2026-03-12;0;
ac1h0326.fac;01900;05;RC;;00001196;00000122;4;0;2026-03-12;;163.53;;;;;;2026-03-12;0;
ac1h0326.fac;01900;02;FA;B;19211898;00000177;2;0;2026-03-12;2026-03-12;128.1;1.0;128.1;0;S;;;;
ac1h0326.fac;01900;02;FA;B;19211909;00000111;2;0;2026-03-12;2026-03-12;296.95;1.0;296.95;0;S;;;;
ac1h0326.fac;00003;02;FA;A;00001203;00000310;2;0;2026-03-13;2026-03-13;424500.0;1415.0;300.0;1;S;86117513133009.0;;;
ac1h0326.fac;00003;05;RC;;00101003;00000004;4;0;2026-03-13;;2821863.75;;;;;;2026-03-13;0;
ac1h0326.fac;00003;05;RC;;00101005;00000310;4;0;2026-03-13;;424500.0;;;;;;2026-03-13;0;
ac1h0326.fac;01900;02;FA;A;00000210;00000310;2;0;2026-03-13;2026-03-13;1780.0;1.0;1780.0;0;S;;;;
ac1h0326.fac;01900;05;RC;;00007865;00000310;4;0;2026-03-13;;1780.0;;;;;;2026-03-13;0;
ac1h0326.fac;01900;02;FA;B;19211903;00000249;2;0;2026-03-13;2026-03-13;436.37;1.0;436.37;0;S;;;;
ac1h0326.fac;00003;04;NC;A;00000156;00000233;2;0;2026-03-16;2026-03-16;134085.4;1415.0;94.76;1;S;86117860104987.0;;;
ac1h0326.fac;00003;02;FA;B;00000208;00000017;2;0;2026-03-16;2026-03-16;347042.9;1415.0;245.26;1;S;86117862417570.0;;;
ac1h0326.fac;00003;02;FA;A;00001204;00000207;2;0;2026-03-16;2026-03-16;131481.8;1415.0;92.92;1;S;86117856861500.0;;;
ac1h0326.fac;00003;02;FA;A;00001205;00000275;2;0;2026-03-16;2026-03-16;1130484.96;1415.0;798.93;1;S;86117857400245.0;;;
ac1h0326.fac;00003;02;FA;A;00001206;00000005;2;0;2026-03-16;2026-03-16;412012.63;1415.0;291.18;1;S;86117857698650.0;;;
ac1h0326.fac;00003;02;FA;A;00001207;00000233;2;0;2026-03-16;2026-03-16;134085.4;1415.0;94.76;1;S;86117859518211.0;;;
ac1h0326.fac;00003;02;FA;A;00001208;00000233;2;0;2026-03-16;2026-03-16;75561.0;1415.0;53.4;1;S;86117860546285.0;;;
ac1h0326.fac;00003;02;FA;A;00001209;00000028;2;0;2026-03-16;2026-03-16;470558.25;1415.0;332.55;1;S;86117861592554.0;;;
ac1h0326.fac;00003;05;RC;;00101006;00000207;4;0;2026-03-16;;131481.8;;;;;;2026-03-16;0;
ac1h0326.fac;01900;04;NC;B;00000019;00000056;2;0;2026-03-16;2026-03-16;1410.0;1.0;1410.0;0;S;;;;
ac1h0326.fac;01900;02;FA;A;00000209;00000136;2;0;2026-03-16;2026-03-16;402.99;1.0;402.99;0;S;;;;
ac1h0326.fac;01900;05;RC;;00001140;00000034;4;0;2026-03-16;;2748.97;;;;;;2026-03-16;0;
ac1h0326.fac;01900;05;RC;;00001142;00000034;4;0;2026-03-16;;275.67;;;;;;2026-03-16;0;
ac1h0326.fac;01900;05;RC;;00001146;00000056;4;0;2026-03-16;;3400.0;;;;;;2026-03-16;0;
ac1h0326.fac;01900;05;RC;;00001158;00000112;4;0;2026-03-16;;5752.26;;;;;;2026-03-16;0;
ac1h0326.fac;01900;02;FA;B;19211904;00000112;2;0;2026-03-16;2026-03-16;5752.26;1.0;5752.26;0;S;;;;
ac1h0326.fac;00003;05;RC;;00101009;00000005;4;0;2026-03-17;;546806.5;;;;;;2026-03-17;0;
ac1h0326.fac;01900;05;RC;;00001147;00000136;4;0;2026-03-17;;2749.73;;;;;;2026-03-17;0;
ac1h0326.fac;01900;05;RC;;00001150;00000111;4;0;2026-03-17;;296.95;;;;;;2026-03-17;0;
ac1h0326.fac;01900;05;RC;;00001162;00000291;4;0;2026-03-17;;324.53;;;;;;2026-03-17;0;
ac1h0326.fac;01900;05;RC;;00007866;00000068;4;0;2026-03-17;;706.71;;;;;;2026-03-17;0;
ac1h0326.fac;01900;02;FA;B;19211979;00000221;2;0;2026-03-17;2026-03-17;726.66;1.0;726.66;0;S;;;;
ac1h0326.fac;00003;04;NC;A;00000157;00000067;2;0;2026-03-18;2026-03-18;92542.23;1.0;92542.23;0;S;86118140249499.0;;;
ac1h0326.fac;00003;04;NC;A;00000158;00000067;2;0;2026-03-18;2026-03-18;92542.23;1.0;92542.23;0;S;86118141030643.0;;;
ac1h0326.fac;00003;02;FA;A;00001210;00000067;2;0;2026-03-18;2026-03-18;92542.23;1.0;92542.23;0;S;86118136918923.0;;;
ac1h0326.fac;00003;02;FA;A;00001211;00000013;2;0;2026-03-18;2026-03-18;2230606.0;1415.0;1576.4;1;S;86118145079368.0;;;
ac1h0326.fac;00003;02;FA;A;00001212;00000013;2;0;2026-03-18;2026-03-18;655583.65;1415.0;463.31;1;S;86118145752791.0;;;
ac1h0326.fac;00003;05;RC;;00101008;00000275;4;0;2026-03-18;;1130484.96;;;;;;2026-03-18;0;
ac1h0326.fac;01900;05;RC;;00001152;00000050;4;0;2026-03-18;;1360.45;;;;;;2026-03-18;0;
ac1h0326.fac;01900;05;RC;;00001163;00000299;4;0;2026-03-18;;158.0;;;;;;2026-03-18;0;
ac1h0326.fac;00003;05;RC;;00007955;00000007;4;0;2026-03-19;;600000.0;;;;;;2026-03-19;0;
ac1h0326.fac;01900;02;FA;A;00000216;00000165;2;0;2026-03-19;2026-03-19;200.12;1.0;200.12;0;S;;;;
ac1h0326.fac;01900;05;RC;;00001154;00000165;4;0;2026-03-19;;200.12;;;;;;2026-03-19;0;
ac1h0326.fac;01900;02;FA;B;19211906;00000056;2;0;2026-03-19;2026-03-19;2482.46;1.0;2482.46;0;S;;;;
ac1h0326.fac;01900;02;FA;B;19211908;00000214;2;0;2026-03-19;2026-03-19;151.57;1.0;151.57;0;S;;;;
ac1h0326.fac;01900;02;FA;B;19211913;00000313;2;0;2026-03-19;2026-03-19;138.0;1.0;138.0;0;S;;;;
ac1h0326.fac;01900;05;RC;;00001151;00000214;4;0;2026-03-20;;151.57;;;;;;2026-03-20;0;
ac1h0326.fac;01900;05;RC;;00001153;00000314;4;0;2026-03-20;;95.0;;;;;;2026-03-20;0;
ac1h0326.fac;01900;05;RC;;00001159;00000316;4;0;2026-03-20;;52.0;;;;;;2026-03-20;0;
ac1h0326.fac;01900;05;RC;;00001189;00000315;4;0;2026-03-20;;72.0;;;;;;2026-03-20;0;
ac1h0326.fac;01900;05;RC;;00007867;00000063;4;0;2026-03-20;;2991.18;;;;;;2026-03-20;0;
ac1h0326.fac;01900;02;FA;B;19211907;00000255;2;0;2026-03-20;2026-03-20;116.78;1.0;116.78;0;S;;;;
ac1h0326.fac;01900;02;FA;B;19211911;00000316;2;0;2026-03-20;2026-03-20;52.0;1.0;52.0;0;S;;;;
ac1h0326.fac;01900;02;FA;B;19211914;00000314;2;0;2026-03-20;2026-03-20;95.0;1.0;95.0;0;S;;;;
ac1h0326.fac;01900;02;FA;B;19211916;00000315;2;0;2026-03-20;2026-03-20;72.0;1.0;72.0;0;S;;;;
ac1h0326.fac;01900;02;FA;B;19211934;00000293;2;0;2026-03-20;2026-03-20;401.0;1.0;401.0;0;S;;;;
ac1h0326.fac;01900;02;FA;B;19211937;00000319;2;0;2026-03-20;2026-03-20;260.0;1.0;260.0;0;S;;;;
ac1h0326.fac;01900;02;FA;B;19211986;00000316;2;0;2026-03-23;2026-03-23;104.0;1.0;104.0;0;S;;;;
ac1h0326.fac;01900;02;FA;B;19211990;00000327;2;0;2026-03-23;2026-03-23;352.0;1.0;352.0;0;S;;;;
ac1h0326.fac;01900;05;RC;;00001271;00000316;4;0;2026-03-24;;104.0;;;;;;2026-03-24;0;
ac1h0326.fac;00003;02;FA;A;00001213;00000311;2;0;2026-03-25;2026-03-25;459800.0;1.0;459800.0;0;S;86128968010576.0;;;
ac1h0326.fac;00003;05;RC;;00101010;00000067;4;0;2026-03-25;;3419096.04;;;;;;2026-03-25;0;
ac1h0326.fac;00003;05;RC;;00101012;00000242;4;0;2026-03-25;;500000.0;;;;;;2026-03-25;0;
ac1h0326.fac;01900;02;FA;A;00000213;00000136;2;0;2026-03-25;2026-03-25;1311.02;1.0;1311.02;0;S;;;;
ac1h0326.fac;01900;02;FA;A;00000215;00000016;2;0;2026-03-25;2026-03-25;365.65;1.0;365.65;0;S;;;;
ac1h0326.fac;01900;02;FA;B;19211910;00000058;2;0;2026-03-25;2026-03-25;410.77;1.0;410.77;0;S;;;;
ac1h0326.fac;01900;02;FA;B;19211922;00000024;2;0;2026-03-25;2026-03-25;1192.25;1.0;1192.25;0;S;;;;
ac1h0326.fac;01900;05;RC;;00001149;00000312;4;0;2026-03-26;;53.0;;;;;;2026-03-26;0;
ac1h0326.fac;01900;05;RC;;00001157;00000317;4;0;2026-03-26;;832.0;;;;;;2026-03-26;0;
ac1h0326.fac;01900;02;FA;B;19211915;00000317;2;0;2026-03-26;2026-03-26;832.0;1.0;832.0;0;S;;;;
ac1h0326.fac;01900;02;FA;B;19211994;00000181;2;0;2026-03-26;2026-03-26;611.62;1.0;611.62;0;S;;;;
ac1h0326.fac;00003;02;FA;A;00001214;00000005;2;0;2026-03-27;2026-03-27;703504.58;1405.0;500.72;1;S;86139241407707.0;;;
ac1h0326.fac;00003;02;FA;A;00001215;00000207;2;0;2026-03-27;2026-03-27;1053840.34;1405.0;750.06;1;S;86139242221869.0;;;
ac1h0326.fac;00003;02;FA;A;00001216;00000028;2;0;2026-03-27;2026-03-27;303395.7;1405.0;215.94;1;S;86139540314670.0;;;
ac1h0326.fac;00003;02;FA;A;00001217;00000020;2;0;2026-03-27;2026-03-27;614209.8;1405.0;437.16;1;S;86139541599679.0;;;
ac1h0326.fac;00003;05;RC;;00101014;00000207;4;0;2026-03-27;;1053840.34;;;;;;2026-03-27;0;
ac1h0326.fac;00003;05;RC;;00101015;00000207;4;0;2026-03-27;;346159.66;;;;;;2026-03-27;0;
ac1h0326.fac;01900;02;FA;A;00000211;00000032;2;0;2026-03-27;2026-03-27;3700.0;1.0;3700.0;0;S;;;;
ac1h0326.fac;01900;05;RC;;00001148;00000144;4;0;2026-03-27;;150.68;;;;;;2026-03-27;0;
ac1h0326.fac;01900;05;RC;;00001206;00000221;4;0;2026-03-27;;1000.0;;;;;;2026-03-27;0;
ac1h0326.fac;01900;05;RC;;00007930;00000032;4;0;2026-03-27;;3700.0;;;;;;2026-03-27;0;
ac1h0326.fac;01900;02;FA;B;19211920;00000249;2;0;2026-03-27;2026-03-27;216.8;1.0;216.8;0;S;;;;
ac1h0326.fac;01900;02;FA;B;19211995;00000181;2;0;2026-03-27;2026-03-27;611.62;1.0;611.62;0;S;;;;
ac1h0326.fac;00003;05;RC;;00101021;00000311;4;0;2026-03-28;;459800.0;;;;;;2026-03-28;0;
ac1h0326.fac;00003;05;RC;;00101007;00000013;4;0;2026-03-30;;2886189.65;;;;;;2026-03-30;0;
ac1h0326.fac;01900;02;FA;A;00000214;00000136;2;0;2026-03-30;2026-03-30;349.69;1.0;349.69;0;S;;;;
ac1h0326.fac;01900;05;RC;;00001155;00000119;4;0;2026-03-30;;1240.77;;;;;;2026-03-30;0;
ac1h0326.fac;01900;05;RC;;00001156;00000224;4;0;2026-03-30;;361.04;;;;;;2026-03-30;0;
ac1h0326.fac;01900;05;RC;;00001161;00000181;4;0;2026-03-30;;560.0;;;;;;2026-03-30;0;
ac1h0326.fac;01900;05;RC;;00007868;00000320;4;0;2026-03-30;;235.0;;;;;;2026-03-30;0;
ac1h0326.fac;01900;02;FA;B;19211919;00000144;2;0;2026-03-30;2026-03-30;150.68;1.0;150.68;0;S;;;;
ac1h0326.fac;01900;02;FA;B;19211921;00000224;2;0;2026-03-30;2026-03-30;361.04;1.0;361.04;0;S;;;;
ac1h0326.fac;01900;02;FA;B;19211938;00000320;2;0;2026-03-30;2026-03-30;235.0;1.0;235.0;0;S;;;;
ac1h0326.fac;00003;05;RC;;00007869;00000017;4;0;2026-03-31;;347042.9;;;;;;2026-03-31;0;
ac1h0326.fac;00003;05;RC;;00101011;00000032;4;0;2026-03-31;;1890919.03;;;;;;2026-03-31;0;
ac1h0326.fac;01900;05;RC;;00001165;00000111;4;0;2026-03-31;;251.57;;;;;;2026-03-31;0;
ac1h0326.fac;01900;05;RC;;00001166;00000254;4;0;2026-03-31;;649.75;;;;;;2026-03-31;0;
ac1h0326.fac;01900;05;RC;;00001167;00000056;4;0;2026-03-31;;4705.0;;;;;;2026-03-31;0;
ac1h0326.fac;01900;05;RC;;00001170;00000317;4;0;2026-03-31;;236.0;;;;;;2026-03-31;0;
ac1h0326.fac;01900;05;RC;;00001173;00000321;4;0;2026-03-31;;64.0;;;;;;2026-03-31;0;
ac1h0326.fac;01900;05;RC;;00007931;00000319;4;0;2026-03-31;;260.0;;;;;;2026-03-31;0;
ac1h0326.fac;01900;02;FA;B;19211931;00000317;2;0;2026-03-31;2026-03-31;236.0;1.0;236.0;0;S;;;;
ac1h0326.fac;01900;02;FA;B;19211954;00000321;2;0;2026-03-31;2026-03-31;64.0;1.0;64.0;0;S;;;;
ac1h0426.fac;00003;05;RC;;00101018;00000004;4;0;2026-04-01;;4130512.35;;;;;;2026-04-01;0;
ac1h0426.fac;01900;02;FA;A;00000217;00000136;2;0;2026-04-01;2026-04-01;429.18;1.0;429.18;0;S;;;;
ac1h0426.fac;01900;02;FA;A;00000220;00000143;2;0;2026-04-01;2026-04-01;227.0;1.0;227.0;0;S;;;;
ac1h0426.fac;01900;05;RC;;00001174;00000056;4;0;2026-04-01;;4500.0;;;;;;2026-04-01;0;
ac1h0426.fac;01900;05;RC;;00001192;00000293;4;0;2026-04-01;;184.95;;;;;;2026-04-01;0;
ac1h0426.fac;01900;05;RC;;00001237;00000058;4;0;2026-04-01;;464.0;;;;;;2026-04-01;0;
ac1h0426.fac;01900;05;RC;;00007956;00000143;4;0;2026-04-01;;227.0;;;;;;2026-04-01;0;
ac1h0426.fac;01900;02;FA;B;19211923;00000202;2;0;2026-04-01;2026-04-01;2725.74;1.0;2725.74;0;S;;;;
ac1h0426.fac;01900;02;FA;B;19211924;00000235;2;0;2026-04-01;2026-04-01;1295.62;1.0;1295.62;0;S;;;;
ac1h0426.fac;01900;02;FA;B;19211925;00000254;2;0;2026-04-01;2026-04-01;649.75;1.0;649.75;0;S;;;;
ac1h0426.fac;01900;02;FA;B;19211926;00000058;2;0;2026-04-01;2026-04-01;565.96;1.0;565.96;0;S;;;;
ac1h0426.fac;01900;02;FA;B;19211929;00000293;2;0;2026-04-01;2026-04-01;393.0;1.0;393.0;0;S;;;;
ac1h0426.fac;01900;02;FA;B;19211935;00000068;2;0;2026-04-01;2026-04-01;1491.01;1.0;1491.01;0;S;;;;
ac1h0426.fac;01900;05;RC;;00001168;00000056;4;0;2026-04-02;;1250.0;;;;;;2026-04-02;0;
ac1h0426.fac;01900;05;RC;;00001184;00000296;4;0;2026-04-04;;324.0;;;;;;2026-04-04;0;
ac1h0426.fac;00003;02;FA;A;00001218;00000067;2;0;2026-04-06;2026-04-06;1780018.51;1.0;1780018.51;0;S;86140442240216.0;;;
ac1h0426.fac;00003;02;FA;A;00001219;00000067;2;0;2026-04-06;2026-04-06;1156652.3;1.0;1156652.3;0;S;86140443927165.0;;;
ac1h0426.fac;00003;02;FA;A;00001220;00000005;2;0;2026-04-06;2026-04-06;526479.05;1415.0;372.07;1;S;86140448514933.0;;;
ac1h0426.fac;00003;05;RC;;00101017;00000026;4;0;2026-04-06;;1485770.4;;;;;;2026-04-06;0;
ac1h0426.fac;01900;02;FA;A;00000218;00000006;2;0;2026-04-06;2026-04-06;652.25;1.0;652.25;0;S;;;;
ac1h0426.fac;01900;05;RC;;00001171;00000299;4;0;2026-04-06;;160.0;;;;;;2026-04-06;0;
ac1h0426.fac;01900;05;RC;;00001175;00000056;4;0;2026-04-06;;1415.0;;;;;;2026-04-06;0;
ac1h0426.fac;01900;05;RC;;00001197;00000214;4;0;2026-04-06;;346.59;;;;;;2026-04-06;0;
ac1h0426.fac;01900;05;RC;;00007870;00000305;4;0;2026-04-06;;158.56;;;;;;2026-04-06;0;
ac1h0426.fac;01900;02;FA;B;19211927;00000024;2;0;2026-04-06;2026-04-06;267.52;1.0;267.52;0;S;;;;
ac1h0426.fac;01900;02;FA;B;19211928;00000214;2;0;2026-04-06;2026-04-06;346.59;1.0;346.59;0;S;;;;
ac1h0426.fac;01900;02;FA;B;19211933;00000299;2;0;2026-04-06;2026-04-06;160.0;1.0;160.0;0;S;;;;
ac1h0426.fac;01900;02;FA;B;19211949;00000066;2;0;2026-04-06;2026-04-06;421.84;1.0;421.84;0;S;;;;
ac1h0426.fac;00003;04;NC;A;00000159;00000268;2;0;2026-04-07;2026-04-07;249973.9;1415.0;176.66;1;S;86140580834698.0;;;
ac1h0426.fac;00003;02;FA;A;00001221;00000268;2;0;2026-04-07;2026-04-07;249973.9;1415.0;176.66;1;S;86140579410542.0;;;
ac1h0426.fac;00003;02;FA;A;00001222;00000268;2;0;2026-04-07;2026-04-07;206590.0;1415.0;146.0;1;S;86140581512873.0;;;
ac1h0426.fac;01900;05;RC;;00001176;00000056;4;0;2026-04-07;;1108.0;;;;;;2026-04-07;0;
ac1h0426.fac;01900;02;FA;B;19211930;00000293;2;0;2026-04-07;2026-04-07;272.0;1.0;272.0;0;S;;;;
ac1h0426.fac;00003;02;FA;A;00001223;00000308;2;0;2026-04-08;2026-04-08;664521.72;1410.0;471.29;1;S;86140766653371.0;;;
ac1h0426.fac;00003;05;RC;;00101016;00000308;4;0;2026-04-08;;664521.72;;;;;;2026-04-08;0;
ac1h0426.fac;01900;05;RC;;00001169;00000111;4;0;2026-04-08;;206.0;;;;;;2026-04-08;0;
ac1h0426.fac;01900;05;RC;;00007871;00000043;4;0;2026-04-08;;714.28;;;;;;2026-04-08;0;
ac1h0426.fac;01900;05;RC;;00007957;00000006;4;0;2026-04-08;;800.0;;;;;;2026-04-08;0;
ac1h0426.fac;01900;02;FA;B;19211932;00000296;2;0;2026-04-08;2026-04-08;186.0;1.0;186.0;0;S;;;;
ac1h0426.fac;01900;02;FA;B;19211940;00000111;2;0;2026-04-08;2026-04-08;206.0;1.0;206.0;0;S;;;;
ac1h0426.fac;00003;05;RC;;00101026;00000005;4;0;2026-04-09;;412012.63;;;;;;2026-04-09;0;
ac1h0426.fac;01900;05;RC;;00001179;00000252;4;0;2026-04-09;;400.0;;;;;;2026-04-09;0;
ac1h0426.fac;01900;02;FA;B;19211951;00000221;2;0;2026-04-09;2026-04-09;331.66;1.0;331.66;0;S;;;;
ac1h0426.fac;01900;02;FA;B;19211952;00000305;2;0;2026-04-09;2026-04-09;169.49;1.0;169.49;0;S;;;;
ac1h0426.fac;00003;02;FA;A;00001224;00000004;2;0;2026-04-10;2026-04-10;5084913.4;1400.0;3632.08;1;S;86151073227297.0;;;
ac1h0426.fac;00003;02;FA;A;00001225;00000007;2;0;2026-04-10;2026-04-10;1483146.0;1400.0;1059.39;1;S;86151074597583.0;;;
ac1h0426.fac;00003;02;FA;A;00001226;00000026;2;0;2026-04-10;2026-04-10;2125627.0;1400.0;1518.31;1;S;86151075015504.0;;;
ac1h0426.fac;00003;02;FA;A;00001227;00000028;2;0;2026-04-10;2026-04-10;89950.0;1400.0;64.25;1;S;86151075263988.0;;;
ac1h0426.fac;00003;02;FA;A;00001228;00000207;2;0;2026-04-10;2026-04-10;191310.0;1400.0;136.65;1;S;86151076682801.0;;;
ac1h0426.fac;00003;05;RC;;00007872;00000139;4;0;2026-04-10;;10696010.45;;;;;;2026-04-10;0;
ac1h0426.fac;00003;05;RC;;00101022;00000268;4;0;2026-04-10;;206590.0;;;;;;2026-04-10;0;
ac1h0426.fac;01900;05;RC;;00001172;00000305;4;0;2026-04-10;;169.49;;;;;;2026-04-10;0;
ac1h0426.fac;01900;02;FA;B;19211950;00000024;2;0;2026-04-10;2026-04-10;400.06;1.0;400.06;0;S;;;;
ac1h0426.fac;01900;05;RC;;00001236;00000056;4;0;2026-04-12;;3121.79;;;;;;2026-04-12;0;
ac1h0426.fac;00003;02;FA;B;00000209;00000322;2;0;2026-04-13;2026-04-13;129735.0;1395.0;93.0;1;S;86151442940834.0;;;
ac1h0426.fac;00003;02;FA;A;00001229;00000233;2;0;2026-04-13;2026-04-13;202288.95;1395.0;145.01;1;S;86151391304339.0;;;
ac1h0426.fac;00003;02;FA;A;00001230;00000025;2;0;2026-04-13;2026-04-13;677049.3;1395.0;485.34;1;S;86151392386959.0;;;
ac1h0426.fac;00003;02;FA;A;00001231;00000139;2;0;2026-04-13;2026-04-13;11796544.08;1395.0;8456.3;1;S;86151400463425.0;;;
ac1h0426.fac;00003;05;RC;;00101019;00000025;4;0;2026-04-13;;1039003.2;;;;;;2026-04-13;0;
ac1h0426.fac;00003;05;RC;;00101020;00000322;4;0;2026-04-13;;129735.0;;;;;;2026-04-13;0;
ac1h0426.fac;01900;02;FA;A;00000221;00000136;2;0;2026-04-13;2026-04-13;240.5;1.0;240.5;0;S;;;;
ac1h0426.fac;01900;02;FA;A;00000222;00000016;2;0;2026-04-13;2026-04-13;591.5;1.0;591.5;0;S;;;;
ac1h0426.fac;01900;02;FA;A;00000223;00000136;2;0;2026-04-13;2026-04-13;1354.2;1.0;1354.2;0;S;;;;
ac1h0426.fac;01900;02;FA;A;00000225;00000143;2;0;2026-04-13;2026-04-13;210.0;1.0;210.0;0;S;;;;
ac1h0426.fac;01900;05;RC;;00007874;00000016;4;0;2026-04-13;;365.65;;;;;;2026-04-13;0;
ac1h0426.fac;01900;05;RC;;00007875;00000016;4;0;2026-04-13;;591.5;;;;;;2026-04-13;0;
ac1h0426.fac;01900;05;RC;;00007958;00000143;4;0;2026-04-13;;157.7;;;;;;2026-04-13;0;
ac1h0426.fac;01900;02;FA;B;19211941;00000132;2;0;2026-04-13;2026-04-13;866.55;1.0;866.55;0;S;;;;
ac1h0426.fac;01900;02;FA;B;19211942;00000068;2;0;2026-04-13;2026-04-13;48.76;1.0;48.76;0;S;;;;
ac1h0426.fac;01900;02;FA;B;19211943;00000056;2;0;2026-04-13;2026-04-13;4330.88;1.0;4330.88;0;S;;;;
ac1h0426.fac;01900;02;FA;B;19211944;00000045;2;0;2026-04-13;2026-04-13;3743.67;1.0;3743.67;0;S;;;;
ac1h0426.fac;01900;02;FA;B;19211945;00000061;2;0;2026-04-13;2026-04-13;4487.18;1.0;4487.18;0;S;;;;
ac1h0426.fac;01900;02;FA;B;19211946;00000063;2;0;2026-04-13;2026-04-13;5690.07;1.0;5690.07;0;S;;;;
ac1h0426.fac;01900;02;FA;B;19211947;00000034;2;0;2026-04-13;2026-04-13;202.99;1.0;202.99;0;S;;;;
ac1h0426.fac;01900;02;FA;B;19211948;00000050;2;0;2026-04-13;2026-04-13;591.62;1.0;591.62;0;S;;;;
ac1h0426.fac;01900;02;FA;B;19211953;00000255;2;0;2026-04-13;2026-04-13;395.16;1.0;395.16;0;S;;;;
ac1h0426.fac;01900;02;FA;B;19211959;00000323;2;0;2026-04-13;2026-04-13;73.0;1.0;73.0;0;S;;;;
ac1h0426.fac;01900;02;FA;A;00000224;00000172;2;0;2026-04-14;2026-04-14;142.71;1.0;142.71;0;S;;;;
ac1h0426.fac;01900;05;RC;;00001185;00000323;4;0;2026-04-14;;73.0;;;;;;2026-04-14;0;
ac1h0426.fac;01900;05;RC;;00001198;00000172;4;0;2026-04-14;;142.71;;;;;;2026-04-14;0;
ac1h0426.fac;01900;05;RC;;00001180;00000045;4;0;2026-04-15;;1871.73;;;;;;2026-04-15;0;
ac1h0426.fac;01900;05;RC;;00001191;00000313;4;0;2026-04-15;;138.0;;;;;;2026-04-15;0;
ac1h0426.fac;01900;05;RC;;00001199;00000061;4;0;2026-04-15;;9075.17;;;;;;2026-04-15;0;
ac1h0426.fac;01900;05;RC;;00007876;00000068;4;0;2026-04-15;;956.52;;;;;;2026-04-15;0;
ac1h0426.fac;01900;05;RC;;00001182;00000136;4;0;2026-04-16;;3684.59;;;;;;2026-04-16;0;
ac1h0426.fac;01900;05;RC;;00007933;00000235;4;0;2026-04-16;;1295.62;;;;;;2026-04-16;0;
ac1h0426.fac;01900;02;FA;B;19211955;00000112;2;0;2026-04-16;2026-04-16;5892.0;1.0;5892.0;0;S;;;;
ac1h0426.fac;01900;02;FA;B;19211957;00000252;2;0;2026-04-16;2026-04-16;357.05;1.0;357.05;0;S;;;;
ac1h0426.fac;00003;02;FA;A;00001232;00000014;2;0;2026-04-17;2026-04-17;239499.0;1380.0;173.55;1;S;86161967265732.0;;;
ac1h0426.fac;00003;05;RC;;00101028;00000028;4;0;2026-04-17;;303395.7;;;;;;2026-04-17;0;
ac1h0426.fac;01900;05;RC;;00001181;00000112;4;0;2026-04-17;;5892.0;;;;;;2026-04-17;0;
ac1h0426.fac;01900;05;RC;;00001183;00000301;4;0;2026-04-17;;309.0;;;;;;2026-04-17;0;
ac1h0426.fac;01900;05;RC;;00001190;00000252;4;0;2026-04-17;;500.0;;;;;;2026-04-17;0;
ac1h0426.fac;01900;05;RC;;00007877;00000063;4;0;2026-04-17;;5690.07;;;;;;2026-04-17;0;
ac1h0426.fac;01900;02;FA;B;19211958;00000301;2;0;2026-04-17;2026-04-17;309.0;1.0;309.0;0;S;;;;
ac1h0426.fac;01900;02;FA;B;19211964;00000297;2;0;2026-04-17;2026-04-17;586.0;1.0;586.0;0;S;;;;
ac1h0426.fac;00003;02;FA;A;00001233;00000028;2;0;2026-04-20;2026-04-20;521995.05;1395.0;374.19;1;S;86162321028787.0;;;
ac1h0426.fac;00003;02;FA;A;00001234;00000005;2;0;2026-04-20;2026-04-20;400713.75;1395.0;287.25;1;S;86162331631696.0;;;
ac1h0426.fac;00003;05;RC;;00101029;00000014;4;0;2026-04-20;;239499.0;;;;;;2026-04-20;0;
ac1h0426.fac;01900;02;FA;A;00000226;00000136;2;0;2026-04-20;2026-04-20;356.77;1.0;356.77;0;S;;;;
ac1h0426.fac;01900;05;RC;;00001193;00000297;4;0;2026-04-20;;586.0;;;;;;2026-04-20;0;
ac1h0426.fac;01900;05;RC;;00001194;00000166;4;0;2026-04-20;;379.37;;;;;;2026-04-20;0;
ac1h0426.fac;01900;05;RC;;00007878;00000324;4;0;2026-04-20;;776.61;;;;;;2026-04-20;0;
ac1h0426.fac;01900;02;FA;B;19211962;00000166;2;0;2026-04-20;2026-04-20;379.37;1.0;379.37;0;S;;;;
ac1h0426.fac;01900;02;FA;B;19211963;00000250;2;0;2026-04-20;2026-04-20;69.81;1.0;69.81;0;S;;;;
ac1h0426.fac;01900;02;FA;B;19211965;00000324;2;0;2026-04-20;2026-04-20;776.61;1.0;776.61;0;S;;;;
ac1h0426.fac;00003;05;RC;;00101023;00000067;4;0;2026-04-21;;2936670.81;;;;;;2026-04-21;0;
ac1h0426.fac;00003;05;RC;;00101027;00000005;4;0;2026-04-21;;927192.8;;;;;;2026-04-21;0;
ac1h0426.fac;01900;05;RC;;00001195;00000024;4;0;2026-04-21;;1459.77;;;;;;2026-04-21;0;
ac1h0426.fac;01900;05;RC;;00001205;00000122;4;0;2026-04-21;;629.01;;;;;;2026-04-21;0;
ac1h0426.fac;01900;05;RC;;00001208;00000143;4;0;2026-04-21;;52.3;;;;;;2026-04-21;0;
ac1h0426.fac;01900;02;FA;B;19211978;00000122;2;0;2026-04-21;2026-04-21;629.01;1.0;629.01;0;S;;;;
ac1h0426.fac;01900;02;FA;B;19211996;00000181;2;0;2026-04-21;2026-04-21;611.62;1.0;611.62;0;S;;;;
ac1h0426.fac;00003;04;NC;A;00000160;00000233;2;0;2026-04-22;2026-04-22;202288.95;1395.0;145.01;1;S;86162621716204.0;;;
ac1h0426.fac;00003;05;RC;;00101033;00000004;4;0;2026-04-22;;5084913.4;;;;;;2026-04-22;0;
ac1h0426.fac;01900;05;RC;;00007729;00000191;4;0;2026-04-22;;357.14;;;;;;2026-04-22;0;
ac1h0426.fac;01900;05;RC;;00007730;00000066;4;0;2026-04-22;;428.57;;;;;;2026-04-22;0;
ac1h0426.fac;00003;02;FA;A;00001235;00000031;2;0;2026-04-23;2026-04-23;202288.95;1395.0;145.01;1;S;86172686495144.0;;;
ac1h0426.fac;00003;02;FA;A;00001236;00000027;2;0;2026-04-23;2026-04-23;903986.96;1410.0;641.13;1;S;86172728935736.0;;;
ac1h0426.fac;01900;05;RC;;00001201;00000050;4;0;2026-04-23;;1225.63;;;;;;2026-04-23;0;
ac1h0426.fac;01900;05;RC;;00001207;00000221;4;0;2026-04-23;;1000.0;;;;;;2026-04-23;0;
ac1h0426.fac;01900;05;RC;;00001217;00000181;4;0;2026-04-23;;1223.24;;;;;;2026-04-23;0;
ac1h0426.fac;01900;02;FA;B;19211985;00000299;2;0;2026-04-23;2026-04-23;196.0;1.0;196.0;0;S;;;;
ac1h0426.fac;00003;04;NC;A;00000161;00000005;2;0;2026-04-24;2026-04-24;703504.58;1405.0;500.72;1;S;86172873609823.0;;;
ac1h0426.fac;00003;02;FA;A;00001237;00000005;2;0;2026-04-24;2026-04-24;297546.8;1420.0;209.54;1;S;86172876034797.0;;;
ac1h0426.fac;01900;05;RC;;00001202;00000250;4;0;2026-04-24;;69.81;;;;;;2026-04-24;0;
ac1h0426.fac;01900;05;RC;;00001204;00000249;4;0;2026-04-24;;653.17;;;;;;2026-04-24;0;
ac1h0426.fac;01900;05;RC;;00001275;00000299;4;0;2026-04-24;;196.0;;;;;;2026-04-24;0;
ac1h0426.fac;01900;02;FA;B;19211967;00000056;2;0;2026-04-24;2026-04-24;300.0;1.0;300.0;0;S;;;;
ac1h0426.fac;00003;04;NC;A;00000162;00000233;2;0;2026-04-27;2026-04-27;666208.4;1430.0;465.88;1;S;86173195048803.0;;;
ac1h0426.fac;00003;02;FA;A;00001238;00000233;2;0;2026-04-27;2026-04-27;666208.4;1430.0;465.88;1;S;86173168689958.0;;;
ac1h0426.fac;00003;02;FA;A;00001239;00000012;2;0;2026-04-27;2026-04-27;156585.0;1430.0;109.5;1;S;86173169326758.0;;;
ac1h0426.fac;00003;02;FA;A;00001240;00000005;2;0;2026-04-27;2026-04-27;299642.2;1430.0;209.54;1;S;86173171088181.0;;;
ac1h0426.fac;00003;02;FA;A;00001241;00000233;2;0;2026-04-27;2026-04-27;48162.4;1430.0;33.68;1;S;86173196267599.0;;;
ac1h0426.fac;00003;02;FA;A;00001242;00000308;2;0;2026-04-27;2026-04-27;485284.8;1430.0;339.36;1;S;86173203876044.0;;;
ac1h0426.fac;00003;05;RC;;00101024;00000308;4;0;2026-04-27;;485284.8;;;;;;2026-04-27;0;
ac1h0426.fac;01900;02;FA;A;00000227;00000136;2;0;2026-04-27;2026-04-27;1551.85;1.0;1551.85;0;S;;;;
ac1h0426.fac;01900;05;RC;;00001200;00000254;4;0;2026-04-27;;145.81;;;;;;2026-04-27;0;
ac1h0426.fac;01900;02;FA;B;19211968;00000262;2;0;2026-04-27;2026-04-27;533.98;1.0;533.98;0;S;;;;
ac1h0426.fac;01900;02;FA;B;19211969;00000254;2;0;2026-04-27;2026-04-27;145.81;1.0;145.81;0;S;;;;
ac1h0426.fac;01900;02;FA;B;19211970;00000202;2;0;2026-04-27;2026-04-27;1866.06;1.0;1866.06;0;S;;;;
ac1h0426.fac;01900;02;FA;B;19211971;00000064;2;0;2026-04-27;2026-04-27;227.15;1.0;227.15;0;S;;;;
ac1h0426.fac;01900;02;FA;B;19211972;00000050;2;0;2026-04-27;2026-04-27;634.01;1.0;634.01;0;S;;;;
ac1h0426.fac;01900;02;FA;B;19211973;00000221;2;0;2026-04-27;2026-04-27;345.54;1.0;345.54;0;S;;;;
ac1h0426.fac;01900;02;FA;B;19211974;00000325;2;0;2026-04-27;2026-04-27;465.55;1.0;465.55;0;S;;;;
ac1h0426.fac;01900;02;FA;B;19211975;00000040;2;0;2026-04-27;2026-04-27;468.21;1.0;468.21;0;S;;;;
ac1h0426.fac;01900;02;FA;B;19211976;00000048;2;0;2026-04-27;2026-04-27;68.91;1.0;68.91;0;S;;;;
ac1h0426.fac;01900;02;FA;B;19211977;00000326;2;0;2026-04-27;2026-04-27;306.55;1.0;306.55;0;S;;;;
ac1h0426.fac;01900;02;FA;B;19211989;00000044;2;0;2026-04-27;2026-04-27;410.87;1.0;410.87;0;S;;;;
ac1h0426.fac;00003;05;RC;;00101025;00000025;4;0;2026-04-28;;677049.3;;;;;;2026-04-28;0;
ac1h0426.fac;00003;05;RC;;00101030;00000020;4;0;2026-04-28;;614209.8;;;;;;2026-04-28;0;
ac1h0426.fac;01900;05;RC;;00001203;00000252;4;0;2026-04-28;;600.0;;;;;;2026-04-28;0;
ac1h0426.fac;01900;05;RC;;00001216;00000327;4;0;2026-04-28;;352.0;;;;;;2026-04-28;0;
ac1h0426.fac;01900;05;RC;;00007879;00000255;4;0;2026-04-28;;300.0;;;;;;2026-04-28;0;
ac1h0426.fac;01900;02;FA;B;19211980;00000037;2;0;2026-04-28;2026-04-28;286.99;1.0;286.99;0;S;;;;
ac1h0426.fac;01900;02;FA;B;19211981;00000252;2;0;2026-04-28;2026-04-28;335.48;1.0;335.48;0;S;;;;
ac1h0426.fac;01900;02;FA;B;19211988;00000224;2;0;2026-04-28;2026-04-28;253.54;1.0;253.54;0;S;;;;
ac1h0426.fac;00003;02;FA;A;00001243;00000165;2;0;2026-04-29;2026-04-29;2082869.79;1430.0;1456.55;1;S;86173433979505.0;;;
ac1h0426.fac;00003;02;FA;A;00001244;00000308;2;0;2026-04-29;2026-04-29;635585.95;1430.0;444.47;1;S;86173481483709.0;;;
ac1h0426.fac;00003;05;RC;;00101034;00000026;4;0;2026-04-29;;2125627.0;;;;;;2026-04-29;0;
ac1h0426.fac;00003;05;RC;;00101036;00000308;4;0;2026-04-29;;635585.95;;;;;;2026-04-29;0;
ac1h0426.fac;01900;05;RC;;00001226;00000224;4;0;2026-04-29;;253.54;;;;;;2026-04-29;0;
ac1h0426.fac;01900;02;FA;B;19211982;00000249;2;0;2026-04-29;2026-04-29;982.08;1.0;982.08;0;S;;;;
ac1h0426.fac;00003;02;FA;A;00001245;00000028;2;0;2026-04-30;2026-04-30;802584.0;1420.0;565.2;1;S;86184066179183.0;;;
ac1h0426.fac;00003;02;FA;A;00001246;00000005;2;0;2026-04-30;2026-04-30;1164564.58;1420.0;820.12;1;S;86184067229453.0;;;
ac1h0426.fac;00003;02;FA;A;00001247;00000046;2;0;2026-04-30;2026-04-30;1374560.0;1420.0;968.0;1;S;86184073494386.0;;;
ac1h0426.fac;00003;02;FA;A;00001248;00000233;2;0;2026-04-30;2026-04-30;47825.6;1420.0;33.68;1;S;86184096378165.0;;;
ac1h0426.fac;00003;02;FA;A;00001249;00000281;2;0;2026-04-30;2026-04-30;134019.6;1420.0;94.38;1;S;86184122732953.0;;;
ac1h0426.fac;00003;02;FA;A;00001250;00000209;2;0;2026-04-30;2026-04-30;16198573.71;1.0;16198573.71;0;S;86184123431342.0;;;
ac1h0426.fac;00003;02;FA;A;00001251;00000205;2;0;2026-04-30;2026-04-30;15686453.31;1.0;15686453.31;0;S;86184123837024.0;;;
ac1h0426.fac;00003;02;FA;A;00001252;00000210;2;0;2026-04-30;2026-04-30;16514972.98;1.0;16514972.98;0;S;86184124186106.0;;;
ac1h0426.fac;00003;05;RC;;00007880;00000207;4;0;2026-04-30;;1000000.0;;;;;;2026-04-30;0;
ac1h0426.fac;00003;05;RC;;00007960;00000028;4;0;2026-04-30;;1101953.6;;;;;;2026-04-30;0;
ac1h0426.fac;00003;05;RC;;00101040;00000031;4;0;2026-04-30;;202288.95;;;;;;2026-04-30;0;
ac1h0426.fac;01900;05;RC;;00001209;00000202;4;0;2026-04-30;;4591.8;;;;;;2026-04-30;0;
ac1h0426.fac;01900;05;RC;;00001227;00000044;4;0;2026-04-30;;410.87;;;;;;2026-04-30;0;
ac1h0426.fac;01900;05;RC;;00001272;00000296;4;0;2026-04-30;;225.0;;;;;;2026-04-30;0;
ac1h0426.fac;01900;05;RC;;00007961;00000132;4;0;2026-04-30;;1909.44;;;;;;2026-04-30;0;
ac1h0426.fac;01900;02;FA;B;19211984;00000296;2;0;2026-04-30;2026-04-30;225.0;1.0;225.0;0;S;;;;
ac1h0426.fac;01900;02;FA;B;19212010;00000181;2;0;2026-04-30;2026-04-30;611.62;1.0;611.62;0;S;;;;
ac1h0526.fac;00003;05;RC;;00007882;00000007;4;0;2026-05-04;;1415000.0;;;;;;2026-05-04;0;
ac1h0526.fac;01900;02;FA;A;00000234;00000136;2;0;2026-05-04;2026-05-04;637.87;1.0;637.87;0;S;;;;
ac1h0526.fac;01900;05;RC;;00001214;00000045;4;0;2026-05-04;;1871.94;;;;;;2026-05-04;0;
ac1h0526.fac;01900;05;RC;;00007884;00000043;4;0;2026-05-04;;703.86;;;;;;2026-05-04;0;
ac1h0526.fac;01900;02;FA;B;19211987;00000221;2;0;2026-05-04;2026-05-04;1002.35;1.0;1002.35;0;S;;;;
ac1h0526.fac;01900;02;FA;B;19212021;00000333;2;0;2026-05-04;2026-05-04;135.0;1.0;135.0;0;S;;;;
ac1h0526.fac;00003;02;FA;A;00001253;00000067;2;0;2026-05-05;2026-05-05;1205683.7;1.0;1205683.7;0;S;86184250751277.0;;;
ac1h0526.fac;00003;02;FA;A;00001254;00000067;2;0;2026-05-05;2026-05-05;2929078.91;1.0;2929078.91;0;S;86184251313880.0;;;
ac1h0526.fac;01900;05;RC;;00001210;00000221;4;0;2026-05-05;;1000.0;;;;;;2026-05-05;0;
ac1h0526.fac;01900;05;RC;;00001212;00000136;4;0;2026-05-05;;1908.62;;;;;;2026-05-05;0;
ac1h0526.fac;00003;05;RC;;00101035;00000139;4;0;2026-05-06;;5487228.25;;;;;;2026-05-06;0;
ac1h0526.fac;01900;05;RC;;00001211;00000328;4;0;2026-05-06;;1522.0;;;;;;2026-05-06;0;
ac1h0526.fac;01900;05;RC;;00001213;00000048;4;0;2026-05-06;;68.91;;;;;;2026-05-06;0;
ac1h0526.fac;01900;02;FA;B;19211991;00000328;2;0;2026-05-06;2026-05-06;1522.0;1.0;1522.0;0;S;;;;
ac1h0526.fac;00003;04;NC;A;00000163;00000005;2;0;2026-05-07;2026-05-07;299642.2;1430.0;209.54;1;S;86194531407294.0;;;
ac1h0526.fac;00003;05;RC;;00007886;00000207;4;0;2026-05-07;;500000.0;;;;;;2026-05-07;0;
ac1h0526.fac;01900;05;RC;;00001215;00000214;4;0;2026-05-07;;192.59;;;;;;2026-05-07;0;
ac1h0526.fac;01900;05;RC;;00007887;00000040;4;0;2026-05-07;;468.21;;;;;;2026-05-07;0;
ac1h0526.fac;01900;02;FA;B;19211992;00000221;2;0;2026-05-07;2026-05-07;314.32;1.0;314.32;0;S;;;;
ac1h0526.fac;01900;02;FA;B;19211993;00000214;2;0;2026-05-07;2026-05-07;192.59;1.0;192.59;0;S;;;;
ac1h0526.fac;00003;05;RC;;00101043;00000005;4;0;2026-05-08;;1462111.38;;;;;;2026-05-08;0;
ac1h0526.fac;01900;05;RC;;00001218;00000252;4;0;2026-05-08;;500.0;;;;;;2026-05-08;0;
ac1h0526.fac;01900;05;RC;;00001221;00000024;4;0;2026-05-08;;400.06;;;;;;2026-05-08;0;
ac1h0526.fac;01900;05;RC;;00007962;00000329;4;0;2026-05-08;;2787.9;;;;;;2026-05-08;0;
ac1h0526.fac;01900;02;FA;B;19211997;00000329;2;0;2026-05-08;2026-05-08;2787.9;1.0;2787.9;0;S;;;;
ac1h0526.fac;01900;02;FA;B;19212005;00000144;2;0;2026-05-08;2026-05-08;196.12;1.0;196.12;0;S;;;;
ac1h0526.fac;01900;02;FA;B;19212152;00000350;2;0;2026-05-08;2026-05-08;383.99;1.0;383.99;0;S;;;;
ac1h0526.fac;00003;02;FA;A;00001255;00000308;2;0;2026-05-11;2026-05-11;388417.5;1415.0;274.5;1;S;86195104569733.0;;;
ac1h0526.fac;00003;05;RC;;00101038;00000308;4;0;2026-05-11;;388417.5;;;;;;2026-05-11;0;
ac1h0526.fac;00003;05;RC;;00101041;00000233;4;0;2026-05-11;;186692.4;;;;;;2026-05-11;0;
ac1h0526.fac;01900;05;RC;;00001220;00000181;4;0;2026-05-11;;1223.24;;;;;;2026-05-11;0;
ac1h0526.fac;01900;05;RC;;00001228;00000221;4;0;2026-05-11;;1000.0;;;;;;2026-05-11;0;
ac1h0526.fac;01900;05;RC;;00007731;00000006;4;0;2026-05-11;;557.37;;;;;;2026-05-11;0;
ac1h0526.fac;01900;05;RC;;00007888;00000068;4;0;2026-05-11;;294.77;;;;;;2026-05-11;0;
ac1h0526.fac;01900;02;FA;B;19212008;00000204;2;0;2026-05-11;2026-05-11;64.75;1.0;64.75;0;S;;;;
ac1h0526.fac;01900;05;RC;;00007889;00000064;4;0;2026-05-12;;227.15;;;;;;2026-05-12;0;
ac1h0526.fac;01900;05;RC;;00007890;00000325;4;0;2026-05-12;;400.0;;;;;;2026-05-12;0;
ac1h0526.fac;00003;02;FA;A;00001256;00000172;2;0;2026-05-13;2026-05-13;1184999.25;1410.0;840.43;1;S;86195368004591.0;;;
ac1h0526.fac;00003;05;RC;;00101039;00000172;4;0;2026-05-13;;1184999.25;;;;;;2026-05-13;0;
ac1h0526.fac;01900;05;RC;;00001219;00000204;4;0;2026-05-13;;64.75;;;;;;2026-05-13;0;
ac1h0526.fac;01900;05;RC;;00001224;00000332;4;0;2026-05-13;;125.85;;;;;;2026-05-13;0;
ac1h0526.fac;01900;02;FA;B;19212017;00000293;2;0;2026-05-13;2026-05-13;383.99;1.0;383.99;0;S;;;;
ac1h0526.fac;01900;02;FA;B;19212019;00000332;2;0;2026-05-13;2026-05-13;125.85;1.0;125.85;0;S;;;;
ac1h0526.fac;00003;02;FA;A;00001257;00000013;2;0;2026-05-14;2026-05-14;1025282.6;1420.0;722.03;1;S;86205526105338.0;;;
ac1h0526.fac;00003;02;FA;A;00001258;00000005;2;0;2026-05-14;2026-05-14;378557.8;1420.0;266.59;1;S;86205526772508.0;;;
ac1h0526.fac;00003;02;FA;A;00001259;00000207;2;0;2026-05-14;2026-05-14;750668.8;1420.0;528.64;1;S;86205527302160.0;;;
ac1h0526.fac;00003;02;FA;A;00001260;00000275;2;0;2026-05-14;2026-05-14;97767.0;1420.0;68.85;1;S;86205528754784.0;;;
ac1h0526.fac;00003;02;FA;A;00001261;00000004;2;0;2026-05-14;2026-05-14;5719334.0;1420.0;4027.7;1;S;86205530176758.0;;;
ac1h0526.fac;00003;02;FA;A;00001262;00000007;2;0;2026-05-14;2026-05-14;1411664.6;1420.0;994.13;1;S;86205530973557.0;;;
ac1h0526.fac;00003;02;FA;A;00001263;00000026;2;0;2026-05-15;2026-05-15;960248.45;1420.0;676.23;1;S;86205655229516.0;;;
ac1h0526.fac;00003;02;FA;A;00001264;00000233;2;0;2026-05-15;2026-05-15;84319.6;1420.0;59.38;1;S;86205656507882.0;;;
ac1h0526.fac;00003;02;FA;A;00001265;00000004;2;0;2026-05-15;2026-05-15;647477.4;1420.0;455.97;1;S;86205696630166.0;;;
ac1h0526.fac;00003;05;RC;;00101037;00000275;4;0;2026-05-15;;97767.0;;;;;;2026-05-15;0;
ac1h0526.fac;01900;02;FA;B;19212009;00000221;2;0;2026-05-15;2026-05-15;1532.97;1.0;1532.97;0;S;;;;
ac1h0526.fac;01900;02;FA;B;19212016;00000273;2;0;2026-05-15;2026-05-15;145.27;1.0;145.27;0;S;;;;
ac1h0526.fac;01900;02;FA;B;19212035;00000212;2;0;2026-05-15;2026-05-15;1324.26;1.0;1324.26;0;S;;;;
ac1h0526.fac;00003;04;NC;A;00000164;00000098;2;0;2026-05-18;2026-05-18;384777.4;1420.0;270.97;1;S;86206009983997.0;;;
ac1h0526.fac;00003;02;FA;A;00001266;00000172;2;0;2026-05-18;2026-05-18;1489239.34;1420.0;1048.76;1;S;86206007993244.0;;;
ac1h0526.fac;00003;02;FA;A;00001267;00000005;2;0;2026-05-18;2026-05-18;244325.2;1420.0;172.06;1;S;86206008871363.0;;;
ac1h0526.fac;00003;02;FA;A;00001268;00000098;2;0;2026-05-18;2026-05-18;384777.4;1420.0;270.97;1;S;86206009610560.0;;;
ac1h0526.fac;00003;02;FA;A;00001269;00000012;2;0;2026-05-18;2026-05-18;384777.4;1420.0;270.97;1;S;86206010277940.0;;;
ac1h0526.fac;00003;02;FA;A;00001270;00000233;2;0;2026-05-18;2026-05-18;84632.0;1420.0;59.6;1;S;86206010633866.0;;;
ac1h0526.fac;00003;02;FA;A;00001271;00000139;2;0;2026-05-18;2026-05-18;5956425.01;1420.0;4194.67;1;S;86206022122181.0;;;
ac1h0526.fac;00003;05;RC;;00101044;00000172;4;0;2026-05-18;;1489239.34;;;;;;2026-05-18;0;
ac1h0526.fac;01900;02;FA;A;00000230;00000006;2;0;2026-05-18;2026-05-18;264.81;1.0;264.81;0;S;;;;
ac1h0526.fac;01900;02;FA;A;00000231;00000136;2;0;2026-05-18;2026-05-18;794.35;1.0;794.35;0;S;;;;
ac1h0526.fac;01900;05;RC;;00001225;00000112;4;0;2026-05-18;;2836.16;;;;;;2026-05-18;0;
ac1h0526.fac;01900;05;RC;;00001231;00000122;4;0;2026-05-18;;424.09;;;;;;2026-05-18;0;
ac1h0526.fac;01900;02;FA;B;19211998;00000132;2;0;2026-05-18;2026-05-18;551.12;1.0;551.12;0;S;;;;
ac1h0526.fac;01900;02;FA;B;19211999;00000045;2;0;2026-05-18;2026-05-18;3796.91;1.0;3796.91;0;S;;;;
ac1h0526.fac;01900;02;FA;B;19212000;00000061;2;0;2026-05-18;2026-05-18;5229.9;1.0;5229.9;0;S;;;;
ac1h0526.fac;01900;02;FA;B;19212001;00000063;2;0;2026-05-18;2026-05-18;6032.62;1.0;6032.62;0;S;;;;
ac1h0526.fac;01900;02;FA;B;19212002;00000056;2;0;2026-05-18;2026-05-18;8491.59;1.0;8491.59;0;S;;;;
ac1h0526.fac;01900;02;FA;B;19212003;00000068;2;0;2026-05-18;2026-05-18;2024.45;1.0;2024.45;0;S;;;;
ac1h0526.fac;01900;02;FA;B;19212004;00000034;2;0;2026-05-18;2026-05-18;241.6;1.0;241.6;0;S;;;;
ac1h0526.fac;01900;02;FA;B;19212006;00000068;2;0;2026-05-18;2026-05-18;485.11;1.0;485.11;0;S;;;;
ac1h0526.fac;01900;02;FA;B;19212007;00000050;2;0;2026-05-18;2026-05-18;111.14;1.0;111.14;0;S;;;;
ac1h0526.fac;01900;02;FA;B;19212014;00000112;2;0;2026-05-18;2026-05-18;2836.16;1.0;2836.16;0;S;;;;
ac1h0526.fac;01900;02;FA;B;19212015;00000221;2;0;2026-05-18;2026-05-18;696.7;1.0;696.7;0;S;;;;
ac1h0526.fac;01900;02;FA;B;19212032;00000202;2;0;2026-05-18;2026-05-18;374.33;1.0;374.33;0;S;;;;
ac1h0526.fac;00003;02;FA;A;00001272;00000285;2;0;2026-05-19;2026-05-19;693244.0;1420.0;488.2;1;S;86206205929460.0;;;
ac1h0526.fac;00003;05;RC;;00101042;00000285;4;0;2026-05-19;;693244.0;;;;;;2026-05-19;0;
ac1h0526.fac;01900;05;RC;;00001223;00000050;4;0;2026-05-19;;111.14;;;;;;2026-05-19;0;
ac1h0526.fac;01900;02;FA;B;19212011;00000264;2;0;2026-05-19;2026-05-19;112.62;1.0;112.62;0;S;;;;
ac1h0526.fac;00003;05;RC;;00101052;00000165;4;0;2026-05-20;;2082869.79;;;;;;2026-05-20;0;
ac1h0526.fac;01900;05;RC;;00001222;00000144;4;0;2026-05-20;;196.12;;;;;;2026-05-20;0;
ac1h0526.fac;01900;05;RC;;00007732;00000331;4;0;2026-05-20;;8484.73;;;;;;2026-05-20;0;
ac1h0526.fac;01900;02;FA;B;19212012;00000072;2;0;2026-05-20;2026-05-20;760.6;1.0;760.6;0;S;;;;
ac1h0526.fac;01900;02;FA;B;19212013;00000142;2;0;2026-05-20;2026-05-20;327.61;1.0;327.61;0;S;;;;
ac1h0526.fac;01900;02;FA;B;19212018;00000331;2;0;2026-05-20;2026-05-20;8484.73;1.0;8484.73;0;S;;;;
ac1h0526.fac;00003;02;FA;A;00001273;00000298;2;0;2026-05-21;2026-05-21;459987.7;1420.0;323.94;1;S;86216430442321.0;;;
ac1h0526.fac;00003;05;RC;;00007891;00000207;4;0;2026-05-21;;800000.0;;;;;;2026-05-21;0;
ac1h0526.fac;00003;05;RC;;00101046;00000028;4;0;2026-05-21;;1085527.8;;;;;;2026-05-21;0;
ac1h0526.fac;00003;05;RC;;00101047;00000298;4;0;2026-05-21;;459987.7;;;;;;2026-05-21;0;
ac1h0526.fac;01900;05;RC;;00001229;00000066;4;0;2026-05-21;;352.11;;;;;;2026-05-21;0;
ac1h0526.fac;00003;05;RC;;00101045;00000067;4;0;2026-05-22;;4134762.61;;;;;;2026-05-22;0;
ac1h0526.fac;01900;05;RC;;00001230;00000177;4;0;2026-05-22;;128.1;;;;;;2026-05-22;0;
ac1h0526.fac;01900;05;RC;;00001233;00000252;4;0;2026-05-25;;1000.0;;;;;;2026-05-25;0;
ac1h0526.fac;00003;02;FA;A;00001274;00000020;2;0;2026-05-26;2026-05-26;99165.75;1425.0;69.59;1;S;86217041064798.0;;;
ac1h0526.fac;01900;05;RC;;00001232;00000034;4;0;2026-05-26;;1300.0;;;;;;2026-05-26;0;
ac1h0526.fac;01900;05;RC;;00001234;00000293;4;0;2026-05-26;;273.64;;;;;;2026-05-26;0;
ac1h0526.fac;01900;05;RC;;00001235;00000293;4;0;2026-05-26;;401.0;;;;;;2026-05-26;0;
ac1h0526.fac;01900;05;RC;;00007892;00000255;4;0;2026-05-26;;200.0;;;;;;2026-05-26;0;
ac1h0526.fac;01900;02;FA;B;19212022;00000325;2;0;2026-05-26;2026-05-26;238.65;1.0;238.65;0;S;;;;
ac1h0526.fac;01900;02;FA;B;19212024;00000249;2;0;2026-05-26;2026-05-26;180.45;1.0;180.45;0;S;;;;
ac1h0526.fac;01900;02;FA;B;19212025;00000122;2;0;2026-05-26;2026-05-26;424.09;1.0;424.09;0;S;;;;
ac1h0526.fac;01900;02;FA;B;19212026;00000040;2;0;2026-05-26;2026-05-26;349.9;1.0;349.9;0;S;;;;
ac1h0526.fac;01900;02;FA;B;19212027;00000068;2;0;2026-05-26;2026-05-26;498.01;1.0;498.01;0;S;;;;
ac1h0526.fac;01900;02;FA;B;19212028;00000250;2;0;2026-05-26;2026-05-26;65.39;1.0;65.39;0;S;;;;
ac1h0526.fac;00003;05;RC;;00101050;00000004;4;0;2026-05-27;;5719334.0;;;;;;2026-05-27;0;
ac1h0526.fac;00003;05;RC;;00101051;00000027;4;0;2026-05-27;;903986.96;;;;;;2026-05-27;0;
ac1h0526.fac;00003;05;RC;;00101056;00000026;4;0;2026-05-27;;960248.45;;;;;;2026-05-27;0;
ac1h0526.fac;01900;05;RC;;00001248;00000273;4;0;2026-05-27;;145.27;;;;;;2026-05-27;0;
ac1h0526.fac;01900;05;RC;;00001253;00000262;4;0;2026-05-27;;533.98;;;;;;2026-05-27;0;
ac1h0526.fac;00003;04;NC;A;00000165;00000139;2;0;2026-05-28;2026-05-28;1013230.35;1395.0;726.33;1;S;86228072736991.0;;;
ac1h0526.fac;00003;02;FA;A;00001275;00000308;2;0;2026-05-28;2026-05-28;376859.7;1435.0;262.62;1;S;86227314931920.0;;;
ac1h0526.fac;00003;02;FA;A;00001276;00000067;2;0;2026-05-28;2026-05-28;1044356.92;1.0;1044356.92;0;S;86228091783036.0;;;
ac1h0526.fac;00003;02;FA;A;00001277;00000067;2;0;2026-05-28;2026-05-28;362784.34;1.0;362784.34;0;S;86228092326097.0;;;
ac1h0526.fac;00003;05;RC;;00007894;00000207;4;0;2026-05-28;;400000.0;;;;;;2026-05-28;0;
ac1h0526.fac;00003;05;RC;;00101048;00000308;4;0;2026-05-28;;376859.7;;;;;;2026-05-28;0;
ac1h0526.fac;00003;05;RC;;00101055;00000005;4;0;2026-05-28;;244325.2;;;;;;2026-05-28;0;
ac1h0526.fac;01900;05;RC;;00001249;00000068;4;0;2026-05-28;;975.0;;;;;;2026-05-28;0;
ac1h0526.fac;00003;05;RC;;00101049;00000233;4;0;2026-05-29;;168951.6;;;;;;2026-05-29;0;
ac1h0526.fac;00003;05;RC;;00101054;00000281;4;0;2026-05-29;;134019.6;;;;;;2026-05-29;0;
ac1h0526.fac;01900;05;RC;;00001238;00000058;4;0;2026-05-29;;400.0;;;;;;2026-05-29;0;
ac1h0526.fac;01900;05;RC;;00001241;00000264;4;0;2026-05-29;;112.62;;;;;;2026-05-29;0;
ac1h0526.fac;01900;02;FA;B;19212153;00000350;2;0;2026-05-29;2026-05-29;538.0;1.0;538.0;0;S;;;;
ac1h0526.fac;00003;02;FA;A;00001278;00000334;2;0;2026-05-30;2026-05-30;154964.4;1.0;154964.4;0;S;86238330332866.0;;;
ac1h0526.fac;00003;02;FA;A;00001279;00000334;2;0;2026-05-30;2026-05-30;260931.2;1.0;260931.2;0;S;86238331147887.0;;;
ac1h0526.fac;00003;02;FA;A;00001280;00000168;2;0;2026-05-30;2026-05-30;11851479.55;1.0;11851479.55;0;S;86238357994182.0;;;
ac1h0526.fac;00003;02;FA;A;00001281;00000168;2;0;2026-05-30;2026-05-30;11626217.97;1.0;11626217.97;0;S;86238358619086.0;;;
ac1h0526.fac;00003;02;FA;A;00001282;00000168;2;0;2026-05-30;2026-05-30;12825047.85;1.0;12825047.85;0;S;86238359224529.0;;;
ac1h0626.fac;00003;05;RC;;00101053;00000046;4;0;2026-06-01;;1374560.0;;;;;;2026-06-01;0;
ac1h0626.fac;00003;05;RC;;00101062;00000004;4;0;2026-06-01;;647477.4;;;;;;2026-06-01;0;
ac1h0626.fac;01900;02;FA;A;00000232;00000136;2;0;2026-06-01;2026-06-01;1126.56;1.0;1126.56;0;S;;;;
ac1h0626.fac;01900;02;FA;B;19212029;00000249;2;0;2026-06-01;2026-06-01;258.3;1.0;258.3;0;S;;;;
ac1h0626.fac;01900;02;FA;B;19212030;00000058;2;0;2026-06-01;2026-06-01;210.07;1.0;210.07;0;S;;;;
ac1h0626.fac;01900;02;FA;B;19212031;00000325;2;0;2026-06-01;2026-06-01;387.68;1.0;387.68;0;S;;;;
ac1h0626.fac;01900;02;FA;B;19212036;00000335;2;0;2026-06-01;2026-06-01;128.86;1.0;128.86;0;S;;;;
ac1h0626.fac;01900;05;RC;;00001242;00000045;4;0;2026-06-02;;1898.45;;;;;;2026-06-02;0;
ac1h0626.fac;01900;05;RC;;00001251;00000335;4;0;2026-06-02;;128.86;;;;;;2026-06-02;0;
ac1h0626.fac;01900;02;FA;A;00000233;00000218;2;0;2026-06-03;2026-06-03;604.96;1.0;604.96;0;S;;;;
ac1h0626.fac;01900;05;RC;;00001240;00000218;4;0;2026-06-03;;604.96;;;;;;2026-06-03;0;
ac1h0626.fac;01900;05;RC;;00001243;00000142;4;0;2026-06-03;;327.61;;;;;;2026-06-03;0;
ac1h0626.fac;01900;05;RC;;00001247;00000066;4;0;2026-06-03;;274.19;;;;;;2026-06-03;0;
ac1h0626.fac;00003;05;RC;;00007895;00000334;4;0;2026-06-04;;415895.6;;;;;;2026-06-04;0;
ac1h0626.fac;01900;05;RC;;00001239;00000112;4;0;2026-06-04;;3759.72;;;;;;2026-06-04;0;
ac1h0626.fac;01900;02;FA;B;19212033;00000112;2;0;2026-06-04;2026-06-04;3759.72;1.0;3759.72;0;S;;;;
ac1h0626.fac;01900;02;FA;B;19212034;00000221;2;0;2026-06-04;2026-06-04;299.64;1.0;299.64;0;S;;;;
ac1h0626.fac;01900;05;RC;;00001244;00000250;4;0;2026-06-05;;65.39;;;;;;2026-06-05;0;
ac1h0626.fac;01900;05;RC;;00001245;00000249;4;0;2026-06-05;;1420.83;;;;;;2026-06-05;0;
ac1h0626.fac;01900;05;RC;;00001250;00000068;4;0;2026-06-05;;975.0;;;;;;2026-06-05;0;
ac1h0626.fac;01900;05;RC;;00007897;00000040;4;0;2026-06-05;;349.9;;;;;;2026-06-05;0;
ac1h0626.fac;01900;05;RC;;00007963;00000006;4;0;2026-06-05;;700.0;;;;;;2026-06-05;0;
ac1h0626.fac;01900;05;RC;;00007965;00000063;4;0;2026-06-05;;6032.62;;;;;;2026-06-05;0;
ac1h0626.fac;01900;02;FA;B;19212082;00000327;2;0;2026-06-05;2026-06-05;220.0;1.0;220.0;0;S;;;;
ac1h0626.fac;01900;05;RC;;00001246;00000045;4;0;2026-06-06;;1898.46;;;;;;2026-06-06;0;
ac1h0626.fac;01900;05;RC;;00001254;00000072;4;0;2026-06-08;;760.6;;;;;;2026-06-08;0;
ac1h0626.fac;01900;05;RC;;00001255;00000037;4;0;2026-06-08;;286.99;;;;;;2026-06-08;0;
ac1h0626.fac;01900;05;RC;;00007898;00000068;4;0;2026-06-08;;238.9;;;;;;2026-06-08;0;
ac1h0626.fac;01900;02;FA;B;19212085;00000322;2;0;2026-06-08;2026-06-08;82.0;1.0;82.0;0;S;;;;
ac1h0626.fac;01900;02;FA;B;19212087;00000342;2;0;2026-06-08;2026-06-08;216.0;1.0;216.0;0;S;;;;
ac1h0626.fac;00003;02;FA;A;00001283;00000275;2;0;2026-06-09;2026-06-09;540661.91;1465.0;369.05;1;S;86239008251766.0;;;
ac1h0626.fac;00003;05;RC;;00101057;00000168;4;0;2026-06-09;;11851479.55;;;;;;2026-06-09;0;
ac1h0626.fac;01900;05;RC;;00001257;00000305;4;0;2026-06-09;;240.0;;;;;;2026-06-09;0;
ac1h0626.fac;01900;05;RC;;00007899;00000212;4;0;2026-06-09;;1000.0;;;;;;2026-06-09;0;
ac1h0626.fac;01900;02;FA;B;19212053;00000037;2;0;2026-06-09;2026-06-09;1330.43;1.0;1330.43;0;S;;;;
ac1h0626.fac;01900;02;FA;B;19212054;00000066;2;0;2026-06-09;2026-06-09;540.95;1.0;540.95;0;S;;;;
ac1h0626.fac;01900;02;FA;B;19212055;00000166;2;0;2026-06-09;2026-06-09;50.99;1.0;50.99;0;S;;;;
ac1h0626.fac;01900;02;FA;B;19212060;00000305;2;0;2026-06-09;2026-06-09;240.0;1.0;240.0;0;S;;;;
ac1h0626.fac;00003;05;RC;;00007936;00000139;4;0;2026-06-10;;10783313.73;;;;;;2026-06-10;0;
ac1h0626.fac;00003;05;RC;;00101058;00000209;4;0;2026-06-10;;16198573.71;;;;;;2026-06-10;0;
ac1h0626.fac;01900;05;RC;;00001276;00000340;4;0;2026-06-10;;183.0;;;;;;2026-06-10;0;
ac1h0626.fac;01900;05;RC;;00001415;00000350;4;0;2026-06-10;;383.99;;;;;;2026-06-10;0;
ac1h0626.fac;01900;05;RC;;00007934;00000342;4;0;2026-06-10;;216.0;;;;;;2026-06-10;0;
ac1h0626.fac;01900;05;RC;;00007935;00000326;4;0;2026-06-10;;306.55;;;;;;2026-06-10;0;
ac1h0626.fac;01900;02;FA;B;19212083;00000340;2;0;2026-06-10;2026-06-10;183.0;1.0;183.0;0;S;;;;
ac1h0626.fac;00003;05;RC;;00007937;00000207;4;0;2026-06-11;;500000.0;;;;;;2026-06-11;0;
ac1h0626.fac;00003;05;RC;;00101059;00000275;4;0;2026-06-11;;540661.91;;;;;;2026-06-11;0;
ac1h0626.fac;00003;05;RC;;00101060;00000005;4;0;2026-06-11;;378557.8;;;;;;2026-06-11;0;
ac1h0626.fac;00003;05;RC;;00101061;00000012;4;0;2026-06-11;;541362.4;;;;;;2026-06-11;0;
ac1h0626.fac;01900;05;RC;;00001278;00000343;4;0;2026-06-11;;115.0;;;;;;2026-06-11;0;
ac1h0626.fac;01900;05;RC;;00007733;00000212;4;0;2026-06-11;;324.26;;;;;;2026-06-11;0;
ac1h0626.fac;01900;05;RC;;00007966;00000339;4;0;2026-06-11;;700.0;;;;;;2026-06-11;0;
ac1h0626.fac;01900;02;FA;B;19212068;00000339;2;0;2026-06-11;2026-06-11;700.0;1.0;700.0;0;S;;;;
ac1h0626.fac;00003;02;FA;A;00001284;00000336;2;0;2026-06-12;2026-06-12;217891.5;1450.0;150.27;1;S;86249532394341.0;;;
ac1h0626.fac;00003;05;RC;;00007938;00000207;4;0;2026-06-12;;1169170.1;;;;;;2026-06-12;0;
ac1h0626.fac;00003;05;RC;;00101073;00000336;4;0;2026-06-12;;217891.5;;;;;;2026-06-12;0;
ac1h0626.fac;01900;05;RC;;00001273;00000300;4;0;2026-06-12;;257.0;;;;;;2026-06-12;0;
ac1h0626.fac;01900;05;RC;;00001274;00000327;4;0;2026-06-12;;220.0;;;;;;2026-06-12;0;
ac1h0626.fac;01900;05;RC;;00001294;00000166;4;0;2026-06-12;;50.99;;;;;;2026-06-12;0;
ac1h0626.fac;01900;02;FA;B;19212081;00000300;2;0;2026-06-12;2026-06-12;257.0;1.0;257.0;0;S;;;;
ac1h0626.fac;01900;02;FA;B;19212089;00000343;2;0;2026-06-12;2026-06-12;115.0;1.0;115.0;0;S;;;;
ac1h0626.fac;01900;02;FA;B;19212154;00000350;2;0;2026-06-12;2026-06-12;734.0;1.0;734.0;0;S;;;;
ac1h0626.fac;01900;05;RC;;00001256;00000016;4;0;2026-06-15;;1194.3;;;;;;2026-06-15;0;
ac1h0626.fac;00003;02;FA;A;00001285;00000005;2;0;2026-06-16;2026-06-16;270082.92;1455.0;185.62;1;S;86249947689515.0;;;
ac1h0626.fac;00003;02;FA;A;00001286;00000026;2;0;2026-06-16;2026-06-16;1435352.55;1455.0;986.5;1;S;86249952025794.0;;;
ac1h0626.fac;00003;02;FA;A;00001287;00000028;2;0;2026-06-16;2026-06-16;61328.25;1455.0;42.15;1;S;86249959084395.0;;;
ac1h0626.fac;00003;02;FA;A;00001288;00000025;2;0;2026-06-16;2026-06-16;2075964.9;1455.0;1426.78;1;S;86249959895976.0;;;
ac1h0626.fac;00003;02;FA;A;00001289;00000020;2;0;2026-06-16;2026-06-16;161112.15;1455.0;110.73;1;S;86249964109301.0;;;
ac1h0626.fac;01900;02;FA;A;00000235;00000016;2;0;2026-06-16;2026-06-16;1194.3;1.0;1194.3;0;S;;;;
ac1h0626.fac;01900;02;FA;A;00000236;00000006;2;0;2026-06-16;2026-06-16;1007.82;1.0;1007.82;0;S;;;;
ac1h0626.fac;01900;02;FA;A;00000237;00000136;2;0;2026-06-16;2026-06-16;1222.97;1.0;1222.97;0;S;;;;
ac1h0626.fac;01900;02;FA;A;00000238;00000172;2;0;2026-06-16;2026-06-16;191.45;1.0;191.45;0;S;;;;
ac1h0626.fac;01900;02;FA;B;19212037;00000068;2;0;2026-06-16;2026-06-16;1053.15;1.0;1053.15;0;S;;;;
ac1h0626.fac;01900;02;FA;B;19212038;00000132;2;0;2026-06-16;2026-06-16;722.19;1.0;722.19;0;S;;;;
ac1h0626.fac;01900;02;FA;B;19212039;00000058;2;0;2026-06-16;2026-06-16;194.59;1.0;194.59;0;S;;;;
ac1h0626.fac;01900;02;FA;B;19212041;00000061;2;0;2026-06-16;2026-06-16;4383.57;1.0;4383.57;0;S;;;;
ac1h0626.fac;01900;02;FA;B;19212042;00000045;2;0;2026-06-16;2026-06-16;1200.67;1.0;1200.67;0;S;;;;
ac1h0626.fac;01900;02;FA;B;19212043;00000034;2;0;2026-06-16;2026-06-16;916.7;1.0;916.7;0;S;;;;
ac1h0626.fac;01900;02;FA;B;19212044;00000063;2;0;2026-06-16;2026-06-16;5300.96;1.0;5300.96;0;S;;;;
ac1h0626.fac;01900;02;FA;B;19212045;00000063;2;0;2026-06-16;2026-06-16;1069.28;1.0;1069.28;0;S;;;;
ac1h0626.fac;01900;02;FA;B;19212046;00000050;2;0;2026-06-16;2026-06-16;50.25;1.0;50.25;0;S;;;;
ac1h0626.fac;01900;02;FA;B;19212048;00000325;2;0;2026-06-16;2026-06-16;42.15;1.0;42.15;0;S;;;;
ac1h0626.fac;01900;02;FA;B;19212049;00000040;2;0;2026-06-16;2026-06-16;69.8;1.0;69.8;0;S;;;;
ac1h0626.fac;01900;02;FA;B;19212050;00000072;2;0;2026-06-16;2026-06-16;168.25;1.0;168.25;0;S;;;;
ac1h0626.fac;01900;02;FA;B;19212051;00000337;2;0;2026-06-16;2026-06-16;349.33;1.0;349.33;0;S;;;;
ac1h0626.fac;01900;02;FA;B;19212052;00000337;2;0;2026-06-16;2026-06-16;825.36;1.0;825.36;0;S;;;;
ac1h0626.fac;01900;02;FA;B;19212056;00000066;2;0;2026-06-16;2026-06-16;144.04;1.0;144.04;0;S;;;;
ac1h0626.fac;01900;02;FA;B;19212057;00000072;2;0;2026-06-16;2026-06-16;346.38;1.0;346.38;0;S;;;;
ac1h0626.fac;01900;02;FA;B;19212058;00000202;2;0;2026-06-16;2026-06-16;5531.84;1.0;5531.84;0;S;;;;
ac1h0626.fac;00003;02;FA;B;00000210;00000235;2;0;2026-06-17;2026-06-17;533039.25;1455.0;366.35;1;S;86240124127835.0;;;
ac1h0626.fac;00003;02;FA;A;00001290;00000004;2;0;2026-06-17;2026-06-17;15049792.5;1455.0;10343.5;1;S;86240043920038.0;;;
ac1h0626.fac;00003;02;FA;A;00001291;00000007;2;0;2026-06-17;2026-06-17;1507263.6;1455.0;1035.92;1;S;86240044912847.0;;;
ac1h0626.fac;00003;02;FA;A;00001292;00000295;2;0;2026-06-17;2026-06-17;2227202.4;1455.0;1530.72;1;S;86240045633865.0;;;
ac1h0626.fac;00003;02;FA;A;00001293;00000013;2;0;2026-06-17;2026-06-17;1085182.65;1455.0;745.83;1;S;86240048362187.0;;;
ac1h0626.fac;00003;02;FA;A;00001294;00000139;2;0;2026-06-17;2026-06-17;11803912.3;1455.0;8112.65;1;S;86240050259513.0;;;
ac1h0626.fac;01900;02;FA;A;00000239;00000136;2;0;2026-06-17;2026-06-17;422.21;1.0;422.21;0;S;;;;
ac1h0626.fac;01900;05;RC;;00001258;00000072;4;0;2026-06-17;;514.63;;;;;;2026-06-17;0;
ac1h0626.fac;01900;05;RC;;00001260;00000172;4;0;2026-06-17;;191.45;;;;;;2026-06-17;0;
ac1h0626.fac;01900;05;RC;;00001279;00000066;4;0;2026-06-17;;267.0;;;;;;2026-06-17;0;
ac1h0626.fac;01900;02;FA;B;19212059;00000337;2;0;2026-06-17;2026-06-17;1926.82;1.0;1926.82;0;S;;;;
ac1h0626.fac;00003;04;NC;B;00000055;00000235;2;0;2026-06-18;2026-06-18;533039.25;1455.0;366.35;1;S;86250199225139.0;;;
ac1h0626.fac;00003;02;FA;A;00001295;00000235;2;0;2026-06-18;2026-06-18;534871.0;1460.0;366.35;1;S;86250201345675.0;;;
ac1h0626.fac;00003;02;FA;A;00001296;00000275;2;0;2026-06-18;2026-06-18;296498.11;1460.0;203.08;1;S;86250256144044.0;;;
ac1h0626.fac;00003;05;RC;;00101063;00000235;4;0;2026-06-18;;534871.0;;;;;;2026-06-18;0;
ac1h0626.fac;00003;05;RC;;00101064;00000275;4;0;2026-06-19;;296498.11;;;;;;2026-06-19;0;
ac1h0626.fac;01900;02;FA;B;19212063;00000113;2;0;2026-06-19;2026-06-19;149.78;1.0;149.78;0;S;;;;
ac1h0626.fac;01900;02;FA;B;19212092;00000181;2;0;2026-06-19;2026-06-19;611.62;1.0;611.62;0;S;;;;
ac1h0626.fac;01900;05;RC;;00001259;00000113;4;0;2026-06-20;;149.78;;;;;;2026-06-20;0;
ac1h0626.fac;01900;05;RC;;00001293;00000333;4;0;2026-06-20;;135.0;;;;;;2026-06-20;0;
ac1h0626.fac;01900;05;RC;;00001400;00000072;4;0;2026-06-20;;42.15;;;;;;2026-06-20;0;
ac1h0626.fac;00003;02;FA;A;00001297;00000233;2;0;2026-06-22;2026-06-22;98117.0;1475.0;66.52;1;S;86250708803458.0;;;
ac1h0626.fac;00003;02;FA;A;00001298;00000275;2;0;2026-06-22;2026-06-22;63498.75;1475.0;43.05;1;S;86250710328464.0;;;
ac1h0626.fac;00003;02;FA;A;00001299;00000295;2;0;2026-06-22;2026-06-22;280058.25;1475.0;189.87;1;S;86250711529465.0;;;
ac1h0626.fac;00003;02;FA;A;00001300;00000004;2;0;2026-06-22;2026-06-22;990418.25;1475.0;671.47;1;S;86250746506018.0;;;
ac1h0626.fac;00003;05;RC;;00101066;00000067;4;0;2026-06-22;;1407141.26;;;;;;2026-06-22;0;
ac1h0626.fac;01900;05;RC;;00007940;00000246;4;0;2026-06-22;;1067.0;;;;;;2026-06-22;0;
ac1h0626.fac;01900;02;FA;B;19212061;00000246;2;0;2026-06-22;2026-06-22;935.68;1.0;935.68;0;S;;;;
ac1h0626.fac;01900;05;RC;;00001261;00000045;4;0;2026-06-23;;1200.67;;;;;;2026-06-23;0;
ac1h0626.fac;01900;05;RC;;00001262;00000112;4;0;2026-06-23;;4600.0;;;;;;2026-06-23;0;
ac1h0626.fac;01900;05;RC;;00001265;00000037;4;0;2026-06-23;;1300.42;;;;;;2026-06-23;0;
ac1h0626.fac;01900;02;FA;B;19212064;00000112;2;0;2026-06-23;2026-06-23;5677.66;1.0;5677.66;0;S;;;;
ac1h0626.fac;01900;05;RC;;00001264;00000214;4;0;2026-06-24;;330.44;;;;;;2026-06-24;0;
ac1h0626.fac;01900;02;FA;B;19212066;00000214;2;0;2026-06-24;2026-06-24;330.44;1.0;330.44;0;S;;;;
ac1h0626.fac;00003;05;RC;;00101065;00000026;4;0;2026-06-25;;1384464.67;;;;;;2026-06-25;0;
ac1h0626.fac;01900;02;FA;A;00000240;00000136;2;0;2026-06-25;2026-06-25;748.39;1.0;748.39;0;S;;;;
ac1h0626.fac;01900;05;RC;;00001263;00000338;4;0;2026-06-25;;806.65;;;;;;2026-06-25;0;
ac1h0626.fac;01900;05;RC;;00001266;00000068;4;0;2026-06-25;;950.0;;;;;;2026-06-25;0;
ac1h0626.fac;01900;05;RC;;00001267;00000136;4;0;2026-06-25;;4203.96;;;;;;2026-06-25;0;
ac1h0626.fac;01900;05;RC;;00001268;00000221;4;0;2026-06-25;;1000.0;;;;;;2026-06-25;0;
ac1h0626.fac;01900;05;RC;;00001269;00000291;4;0;2026-06-25;;1676.05;;;;;;2026-06-25;0;
ac1h0626.fac;01900;05;RC;;00007941;00000325;4;0;2026-06-25;;400.0;;;;;;2026-06-25;0;
ac1h0626.fac;01900;02;FA;B;19212062;00000056;2;0;2026-06-25;2026-06-25;18474.0;1.0;18474.0;0;S;;;;
ac1h0626.fac;01900;02;FA;B;19212065;00000338;2;0;2026-06-25;2026-06-25;806.65;1.0;806.65;0;S;;;;
ac1h0626.fac;00003;04;NC;A;00000166;00000007;2;0;2026-06-26;2026-06-26;552475.0;1435.0;385.0;1;S;86261950326589.0;;;
ac1h0626.fac;00003;02;FA;A;00001301;00000308;2;0;2026-06-26;2026-06-26;816688.6;1495.0;546.28;1;S;86261304190344.0;;;
ac1h0626.fac;00003;02;FA;A;00001302;00000006;2;0;2026-06-26;2026-06-26;1000000.0;1.0;1000000.0;0;S;86261607434707.0;;;
ac1h0626.fac;00003;02;FA;A;00001303;00000026;2;0;2026-06-26;2026-06-26;1260139.39;1495.0;842.9;1;S;86261652362469.0;;;
ac1h0626.fac;00003;05;RC;;00007942;00000007;4;0;2026-06-26;;1500000.0;;;;;;2026-06-26;0;
ac1h0626.fac;00003;05;RC;;00101068;00000308;4;0;2026-06-26;;816688.6;;;;;;2026-06-26;0;
ac1h0626.fac;00003;05;RC;;00101069;00000020;4;0;2026-06-26;;99165.75;;;;;;2026-06-26;0;
ac1h0626.fac;00003;05;RC;;00101076;00000013;4;0;2026-06-26;;1085182.65;;;;;;2026-06-26;0;
ac1h0626.fac;01900;05;RC;;00001277;00000341;4;0;2026-06-26;;2225.0;;;;;;2026-06-26;0;
ac1h0626.fac;01900;05;RC;;00001292;00000050;4;0;2026-06-26;;50.25;;;;;;2026-06-26;0;
ac1h0626.fac;01900;05;RC;;00001308;00000056;4;0;2026-06-26;;1570.0;;;;;;2026-06-26;0;
ac1h0626.fac;01900;05;RC;;00007734;00000006;4;0;2026-06-26;;668.89;;;;;;2026-06-26;0;
ac1h0626.fac;01900;02;FA;B;19212067;00000221;2;0;2026-06-26;2026-06-26;283.58;1.0;283.58;0;S;;;;
ac1h0626.fac;01900;02;FA;B;19212086;00000341;2;0;2026-06-26;2026-06-26;2225.0;1.0;2225.0;0;S;;;;
ac1h0626.fac;01900;02;FA;B;19212088;00000317;2;0;2026-06-26;2026-06-26;172.8;1.0;172.8;0;S;;;;
ac1h0626.fac;00003;02;FA;A;00001304;00000295;2;0;2026-06-27;2026-06-27;122430.8;1510.0;81.08;1;S;86272132735161.0;;;
ac1h0626.fac;00003;02;FA;A;00001305;00000067;2;0;2026-06-28;2026-06-28;156269.25;1.0;156269.25;0;S;86272284819507.0;;;
ac1h0626.fac;00003;02;FA;A;00001306;00000067;2;0;2026-06-28;2026-06-28;1252645.58;1.0;1252645.58;0;S;86272286373946.0;;;
ac1h0626.fac;00003;02;FA;A;00001307;00000281;2;0;2026-06-28;2026-06-28;482528.05;1510.0;319.56;1;S;86272323162274.0;;;
ac1h0626.fac;00003;05;RC;;00101067;00000006;4;0;2026-06-29;;1000000.0;;;;;;2026-06-29;0;
ac1h0626.fac;00003;05;RC;;00101070;00000207;4;0;2026-06-29;;496719.02;;;;;;2026-06-29;0;
ac1h0626.fac;00003;05;RC;;00101071;00000295;4;0;2026-06-29;;103283.98;;;;;;2026-06-29;0;
ac1h0626.fac;01900;02;FA;A;00000241;00000046;2;0;2026-06-29;2026-06-29;878.3;1.0;878.3;0;S;;;;
ac1h0626.fac;01900;02;FA;A;00000243;00000006;2;0;2026-06-29;2026-06-29;1016.4;1.0;1016.4;0;S;;;;
ac1h0626.fac;01900;05;RC;;00001270;00000186;4;0;2026-06-29;;462.0;;;;;;2026-06-29;0;
ac1h0626.fac;01900;05;RC;;00001281;00000293;4;0;2026-06-29;;404.38;;;;;;2026-06-29;0;
ac1h0626.fac;01900;02;FA;B;19212069;00000252;2;0;2026-06-29;2026-06-29;1003.56;1.0;1003.56;0;S;;;;
ac1h0626.fac;01900;02;FA;B;19212070;00000219;2;0;2026-06-29;2026-06-29;73.93;1.0;73.93;0;S;;;;
ac1h0626.fac;01900;02;FA;B;19212071;00000142;2;0;2026-06-29;2026-06-29;358.6;1.0;358.6;0;S;;;;
ac1h0626.fac;01900;02;FA;B;19212072;00000337;2;0;2026-06-29;2026-06-29;1269.36;1.0;1269.36;0;S;;;;
ac1h0626.fac;01900;02;FA;B;19212073;00000034;2;0;2026-06-29;2026-06-29;2272.95;1.0;2272.95;0;S;;;;
ac1h0626.fac;01900;02;FA;B;19212074;00000160;2;0;2026-06-29;2026-06-29;164.35;1.0;164.35;0;S;;;;
ac1h0626.fac;01900;02;FA;B;19212077;00000186;2;0;2026-06-29;2026-06-29;462.0;1.0;462.0;0;S;;;;
ac1h0626.fac;01900;02;FA;A;00000244;00000136;2;0;2026-06-30;2026-06-30;197.98;1.0;197.98;0;S;;;;
ac1h0626.fac;01900;02;FA;A;00000245;00000136;2;0;2026-06-30;2026-06-30;85.49;1.0;85.49;0;S;;;;
ac1h0626.fac;01900;05;RC;;00001280;00000154;4;0;2026-06-30;;606.0;;;;;;2026-06-30;0;
ac1h0626.fac;01900;05;RC;;00001302;00000293;4;0;2026-06-30;;186.02;;;;;;2026-06-30;0;
ac1h0626.fac;01900;02;FA;B;19212076;00000068;2;0;2026-06-30;2026-06-30;2934.77;1.0;2934.77;0;S;;;;
ac1h0626.fac;01900;02;FA;B;19212078;00000337;2;0;2026-06-30;2026-06-30;237.12;1.0;237.12;0;S;;;;
ac1h0626.fac;01900;02;FA;B;19212079;00000316;2;0;2026-06-30;2026-06-30;170.58;1.0;170.58;0;S;;;;
ac1h0626.fac;01900;02;FA;B;19212080;00000296;2;0;2026-06-30;2026-06-30;222.0;1.0;222.0;0;S;;;;
ac1h0626.fac;01900;02;FA;B;19212084;00000299;2;0;2026-06-30;2026-06-30;220.46;1.0;220.46;0;S;;;;
ac1h0626.fac;01900;02;FA;B;19212090;00000154;2;0;2026-06-30;2026-06-30;606.0;1.0;606.0;0;S;;;;
ac1h0626.fac;01900;02;FA;B;19212112;00000122;2;0;2026-06-30;2026-06-30;459.36;1.0;459.36;0;S;;;;
ac1h0726.fac;00003;05;RC;;00101075;00000242;4;0;2026-07-01;;200000.0;;;;;;2026-07-01;0;
ac1h0726.fac;01900;02;FA;A;00000247;00000046;2;0;2026-07-01;2026-07-01;3450.0;1.0;3450.0;0;S;;;;
ac1h0726.fac;01900;05;RC;;00007943;00000337;4;0;2026-07-01;;4607.99;;;;;;2026-07-01;0;
ac1h0726.fac;00003;05;RC;;00101074;00000004;4;0;2026-07-02;;16040210.75;;;;;;2026-07-02;0;
ac1h0726.fac;01900;05;RC;;00001287;00000181;4;0;2026-07-02;;611.62;;;;;;2026-07-02;0;
ac1h0726.fac;00003;05;RC;;00101077;00000275;4;0;2026-07-03;;63498.75;;;;;;2026-07-03;0;
ac1h0726.fac;01900;05;RC;;00001282;00000202;4;0;2026-07-03;;5906.17;;;;;;2026-07-03;0;
ac1h0726.fac;01900;05;RC;;00001283;00000132;4;0;2026-07-03;;93.83;;;;;;2026-07-03;0;
ac1h0726.fac;01900;05;RC;;00001286;00000297;4;0;2026-07-03;;376.15;;;;;;2026-07-03;0;
ac1h0726.fac;01900;02;FA;B;19212093;00000181;2;0;2026-07-03;2026-07-03;611.62;1.0;611.62;0;S;;;;
ac1h0726.fac;01900;02;FA;B;19212098;00000221;2;0;2026-07-03;2026-07-03;184.29;1.0;184.29;0;S;;;;
ac1h0726.fac;01900;02;FA;B;19212101;00000297;2;0;2026-07-03;2026-07-03;376.15;1.0;376.15;0;S;;;;
ac1h0726.fac;01900;05;RC;;00001285;00000224;4;0;2026-07-06;;773.58;;;;;;2026-07-06;0;
ac1h0726.fac;01900;05;RC;;00001320;00000346;4;0;2026-07-06;;116.54;;;;;;2026-07-06;0;
ac1h0726.fac;01900;02;FA;B;19212094;00000181;2;0;2026-07-06;2026-07-06;611.62;1.0;611.62;0;S;;;;
ac1h0726.fac;01900;02;FA;B;19212095;00000338;2;0;2026-07-06;2026-07-06;676.24;1.0;676.24;0;S;;;;
ac1h0726.fac;01900;02;FA;B;19212097;00000224;2;0;2026-07-06;2026-07-06;773.58;1.0;773.58;0;S;;;;
ac1h0726.fac;01900;02;FA;B;19212127;00000346;2;0;2026-07-06;2026-07-06;116.54;1.0;116.54;0;S;;;;
ac1h0726.fac;01900;02;FA;B;19212157;00000312;2;0;2026-07-06;2026-07-06;381.47;1.0;381.47;0;S;;;;
ac1h0726.fac;00003;05;RC;;00101078;00000281;4;0;2026-07-07;;482528.05;;;;;;2026-07-07;0;
ac1h0726.fac;01900;05;RC;;00007735;00000288;4;0;2026-07-07;;175.0;;;;;;2026-07-07;0;
ac1h0726.fac;01900;05;RC;;00007736;00000338;4;0;2026-07-07;;676.24;;;;;;2026-07-07;0;
ac1h0726.fac;01900;02;FA;B;19212102;00000288;2;0;2026-07-07;2026-07-07;175.0;1.0;175.0;0;S;;;;
ac1h0726.fac;00003;02;FA;A;00001308;00000213;2;0;2026-07-08;2026-07-09;169663.6;1510.0;112.36;1;S;86273064837140.0;;;
ac1h0726.fac;00003;02;FA;A;00001309;00000007;2;0;2026-07-08;2026-07-08;1772287.0;1510.0;1173.7;1;S;86273067501032.0;;;
ac1h0726.fac;00003;02;FA;A;00001310;00000025;2;0;2026-07-08;2026-07-08;5479140.7;1510.0;3628.57;1;S;86273071275556.0;;;
ac1h0726.fac;00003;05;RC;;00007944;00000007;4;0;2026-07-08;;900000.0;;;;;;2026-07-08;0;
ac1h0726.fac;01900;02;FA;A;00000248;00000025;2;0;2026-07-08;2026-07-08;6900.0;1.0;6900.0;0;S;;;;
ac1h0726.fac;01900;05;RC;;00001284;00000056;4;0;2026-07-08;;9675.0;;;;;;2026-07-08;0;
ac1h0726.fac;01900;05;RC;;00001288;00000299;4;0;2026-07-08;;220.46;;;;;;2026-07-08;0;
ac1h0726.fac;01900;05;RC;;00001289;00000056;4;0;2026-07-08;;1000.0;;;;;;2026-07-08;0;
ac1h0726.fac;01900;05;RC;;00007945;00000066;4;0;2026-07-08;;331.12;;;;;;2026-07-08;0;
ac1h0726.fac;01900;02;FA;B;19212096;00000119;2;0;2026-07-08;2026-07-08;1113.46;1.0;1113.46;0;S;;;;
ac1h0726.fac;01900;02;FA;B;19212099;00000024;2;0;2026-07-08;2026-07-08;446.9;1.0;446.9;0;S;;;;
ac1h0726.fac;01900;02;FA;B;19212100;00000191;2;0;2026-07-08;2026-07-08;1243.5;1.0;1243.5;0;S;;;;
ac1h0726.fac;01900;05;RC;;00001290;00000160;4;0;2026-07-09;;164.35;;;;;;2026-07-09;0;
ac1h0726.fac;01900;05;RC;;00001295;00000024;4;0;2026-07-10;;446.9;;;;;;2026-07-10;0;
ac1h0726.fac;00003;02;FA;A;00001311;00000005;2;0;2026-07-13;2026-07-13;185130.05;1505.0;123.01;1;S;86283688371561.0;;;
ac1h0726.fac;00003;02;FA;A;00001312;00000004;2;0;2026-07-13;2026-07-13;12476133.95;1505.0;8289.79;1;S;86283694948025.0;;;
ac1h0726.fac;00003;05;RC;;00101079;00000205;4;0;2026-07-13;;15686453.31;;;;;;2026-07-13;0;
ac1h0726.fac;00003;05;RC;;00101080;00000013;4;0;2026-07-13;;1025282.6;;;;;;2026-07-13;0;
ac1h0726.fac;01900;02;FA;A;00000249;00000136;2;0;2026-07-13;2026-07-13;255.35;1.0;255.35;0;S;;;;
ac1h0726.fac;01900;02;FA;A;00000250;00000136;2;0;2026-07-13;2026-07-13;189.35;1.0;189.35;0;S;;;;
ac1h0726.fac;01900;05;RC;;00007946;00000025;4;0;2026-07-13;;6900.0;;;;;;2026-07-13;0;
ac1h0726.fac;01900;02;FA;B;19212103;00000063;2;0;2026-07-13;2026-07-13;3328.97;1.0;3328.97;0;S;;;;
ac1h0726.fac;01900;02;FA;B;19212104;00000132;2;0;2026-07-13;2026-07-13;1137.94;1.0;1137.94;0;S;;;;
ac1h0726.fac;01900;02;FA;B;19212105;00000061;2;0;2026-07-13;2026-07-13;3856.08;1.0;3856.08;0;S;;;;
ac1h0726.fac;01900;02;FA;B;19212106;00000043;2;0;2026-07-13;2026-07-13;1048.37;1.0;1048.37;0;S;;;;
ac1h0726.fac;01900;02;FA;B;19212107;00000337;2;0;2026-07-13;2026-07-13;54.15;1.0;54.15;0;S;;;;
ac1h0726.fac;01900;02;FA;B;19212108;00000056;2;0;2026-07-13;2026-07-13;12027.77;1.0;12027.77;0;S;;;;
ac1h0726.fac;01900;02;FA;B;19212109;00000034;2;0;2026-07-13;2026-07-13;627.09;1.0;627.09;0;S;;;;
ac1h0726.fac;01900;02;FA;B;19212110;00000068;2;0;2026-07-13;2026-07-13;264.33;1.0;264.33;0;S;;;;
ac1h0726.fac;00003;05;RC;;00101083;00000005;4;0;2026-07-14;;270082.92;;;;;;2026-07-14;0;
ac1h0726.fac;01900;05;RC;;00001296;00000142;4;0;2026-07-14;;358.6;;;;;;2026-07-14;0;
ac1h0726.fac;01900;05;RC;;00001299;00000122;4;0;2026-07-14;;459.36;;;;;;2026-07-14;0;
ac1h0726.fac;01900;05;RC;;00007947;00000063;4;0;2026-07-14;;6370.24;;;;;;2026-07-14;0;
ac1h0726.fac;01900;02;FA;B;19212158;00000312;2;0;2026-07-14;2026-07-14;61.81;1.0;61.81;0;S;;;;
ac1h0726.fac;00003;05;RC;;00101086;00000213;4;0;2026-07-15;;169663.6;;;;;;2026-07-15;0;
ac1h0726.fac;01900;05;RC;;00001298;00000322;4;0;2026-07-15;;82.0;;;;;;2026-07-15;0;
ac1h0726.fac;01900;05;RC;;00001307;00000056;4;0;2026-07-15;;1652.0;;;;;;2026-07-15;0;
ac1h0726.fac;00003;05;RC;;00101081;00000026;4;0;2026-07-16;;1260139.39;;;;;;2026-07-16;0;
ac1h0726.fac;01900;02;FA;A;00000252;00000334;2;0;2026-07-16;2026-07-16;138.0;1.0;138.0;0;S;;;;
ac1h0726.fac;01900;05;RC;;00001303;00000221;4;0;2026-07-16;;2229.67;;;;;;2026-07-16;0;
ac1h0726.fac;01900;05;RC;;00007984;00000334;4;0;2026-07-16;;138.0;;;;;;2026-07-16;0;
ac1h0726.fac;00003;02;FA;A;00001313;00000139;2;0;2026-07-17;2026-07-17;9618718.5;1500.0;6412.48;1;S;86294289789728.0;;;
ac1h0726.fac;00003;02;FA;A;00001314;00000004;2;0;2026-07-17;2026-07-17;822918.95;1505.0;546.79;1;S;86294317907545.0;;;
ac1h0726.fac;00003;05;RC;;00007949;00000295;4;0;2026-07-17;;1000000.0;;;;;;2026-07-17;0;
ac1h0726.fac;00003;05;RC;;00101082;00000295;4;0;2026-07-17;;84465.0;;;;;;2026-07-17;0;
ac1h0726.fac;01900;05;RC;;00001297;00000061;4;0;2026-07-17;;13469.55;;;;;;2026-07-17;0;
ac1h0726.fac;01900;05;RC;;00001300;00000224;4;0;2026-07-17;;534.41;;;;;;2026-07-17;0;
ac1h0726.fac;01900;05;RC;;00001301;00000305;4;0;2026-07-17;;193.69;;;;;;2026-07-17;0;
ac1h0726.fac;01900;02;FA;B;19212113;00000224;2;0;2026-07-17;2026-07-17;534.41;1.0;534.41;0;S;;;;
ac1h0726.fac;01900;02;FA;B;19212114;00000066;2;0;2026-07-17;2026-07-17;843.99;1.0;843.99;0;S;;;;
ac1h0726.fac;01900;02;FA;B;19212115;00000305;2;0;2026-07-17;2026-07-17;193.69;1.0;193.69;0;S;;;;
ac1h0726.fac;01900;02;FA;B;19212155;00000350;2;0;2026-07-17;2026-07-17;331.84;1.0;331.84;0;S;;;;
ac1h0726.fac;00003;05;RC;;00101084;00000139;4;0;2026-07-18;;5400000.0;;;;;;2026-07-18;0;
ac1h0726.fac;00003;02;FA;A;00001315;00000295;2;0;2026-07-20;2026-07-20;1973247.6;1500.0;1315.5;1;S;86294662554774.0;;;
ac1h0726.fac;00003;02;FA;A;00001316;00000026;2;0;2026-07-20;2026-07-20;144360.0;1500.0;96.24;1;S;86294663049298.0;;;
ac1h0726.fac;00003;02;FA;A;00001317;00000275;2;0;2026-07-20;2026-07-20;632702.25;1500.0;421.8;1;S;86294674552460.0;;;
ac1h0726.fac;01900;02;FA;A;00000251;00000136;2;0;2026-07-20;2026-07-20;269.62;1.0;269.62;0;S;;;;
ac1h0726.fac;01900;02;FA;A;00000253;00000143;2;0;2026-07-20;2026-07-20;214.0;1.0;214.0;0;S;;;;
ac1h0726.fac;01900;05;RC;;00001399;00000072;4;0;2026-07-20;;126.1;;;;;;2026-07-20;0;
ac1h0726.fac;01900;05;RC;;00007738;00000143;4;0;2026-07-20;;214.0;;;;;;2026-07-20;0;
ac1h0726.fac;01900;02;FA;B;19212111;00000202;2;0;2026-07-20;2026-07-20;129.39;1.0;129.39;0;S;;;;
ac1h0726.fac;01900;02;FA;B;19212116;00000337;2;0;2026-07-20;2026-07-20;1004.69;1.0;1004.69;0;S;;;;
ac1h0726.fac;00003;04;NC;A;00000167;00000014;2;0;2026-07-21;2026-07-21;312720.0;1500.0;208.48;1;S;86294779237815.0;;;
ac1h0726.fac;00003;02;FA;A;00001318;00000014;2;0;2026-07-21;2026-07-21;312720.0;1500.0;208.48;1;S;86294767080668.0;;;
ac1h0726.fac;00003;02;FA;A;00001319;00000014;2;0;2026-07-21;2026-07-21;246120.0;1500.0;164.08;1;S;86294793554800.0;;;
ac1h0726.fac;00003;05;RC;;00101085;00000014;4;0;2026-07-21;;246120.0;;;;;;2026-07-21;0;
ac1h0726.fac;00003;05;RC;;00101087;00000067;4;0;2026-07-21;;1408914.83;;;;;;2026-07-21;0;
ac1h0726.fac;01900;05;RC;;00001304;00000181;4;0;2026-07-21;;611.62;;;;;;2026-07-21;0;
ac1h0726.fac;01900;05;RC;;00001305;00000136;4;0;2026-07-21;;1746.18;;;;;;2026-07-21;0;
ac1h0726.fac;01900;05;RC;;00001306;00000068;4;0;2026-07-21;;2000.0;;;;;;2026-07-21;0;
ac1h0726.fac;01900;05;RC;;00007739;00000348;4;0;2026-07-21;;300.0;;;;;;2026-07-21;0;
ac1h0726.fac;01900;05;RC;;00001314;00000345;4;0;2026-07-22;;161.4;;;;;;2026-07-22;0;
ac1h0726.fac;01900;02;FA;B;19212120;00000043;2;0;2026-07-22;2026-07-22;2832.05;1.0;2832.05;0;S;;;;
ac1h0726.fac;01900;02;FA;B;19212124;00000345;2;0;2026-07-22;2026-07-22;161.4;1.0;161.4;0;S;;;;
ac1h0726.fac;01900;02;FA;B;19212134;00000348;2;0;2026-07-22;2026-07-22;324.8;1.0;324.8;0;S;;;;
ac1h0726.fac;01900;05;RC;;00001291;00000112;4;0;2026-07-23;;1077.66;;;;;;2026-07-23;0;
ac1h0726.fac;01900;05;RC;;00001309;00000312;4;0;2026-07-23;;404.38;;;;;;2026-07-23;0;
ac1h0726.fac;01900;05;RC;;00001311;00000119;4;0;2026-07-23;;1113.46;;;;;;2026-07-23;0;
ac1h0726.fac;01900;05;RC;;00001312;00000181;4;0;2026-07-23;;611.62;;;;;;2026-07-23;0;
ac1h0726.fac;01900;05;RC;;00001316;00000056;4;0;2026-07-23;;2100.0;;;;;;2026-07-23;0;
ac1h0726.fac;01900;02;FA;B;19212121;00000312;2;0;2026-07-23;2026-07-23;847.66;1.0;847.66;0;S;;;;
ac1h0726.fac;01900;02;FA;B;19212137;00000312;2;0;2026-07-23;2026-07-23;56.7;1.0;56.7;0;S;;;;
ac1h0726.fac;00003;02;FA;A;00001320;00000308;2;0;2026-07-24;2026-07-24;1260718.31;1515.0;832.16;1;S;86305242264862.0;;;
ac1h0726.fac;00003;02;FA;A;00001321;00000308;2;0;2026-07-24;2026-07-24;129111.33;1515.0;85.22;1;S;86305271049900.0;;;
ac1h0726.fac;00003;05;RC;;00007950;00000025;4;0;2026-07-24;;7555105.6;;;;;;2026-07-24;0;
ac1h0726.fac;00003;05;RC;;00101088;00000275;4;0;2026-07-24;;632702.25;;;;;;2026-07-24;0;
ac1h0726.fac;00003;05;RC;;00101089;00000308;4;0;2026-07-24;;1260718.31;;;;;;2026-07-24;0;
ac1h0726.fac;00003;05;RC;;00101090;00000295;4;0;2026-07-24;;1232000.0;;;;;;2026-07-24;0;
ac1h0726.fac;00003;05;RC;;00101094;00000308;4;0;2026-07-24;;129111.33;;;;;;2026-07-24;0;
ac1h0726.fac;01900;05;RC;;00001310;00000177;4;0;2026-07-24;;206.45;;;;;;2026-07-24;0;
ac1h0726.fac;01900;05;RC;;00001313;00000252;4;0;2026-07-24;;600.0;;;;;;2026-07-24;0;
ac1h0726.fac;01900;05;RC;;00001317;00000056;4;0;2026-07-24;;705.0;;;;;;2026-07-24;0;
ac1h0726.fac;01900;02;FA;B;19212123;00000177;2;0;2026-07-24;2026-07-24;206.45;1.0;206.45;0;S;;;;
ac1h0726.fac;00003;03;ND;A;00000006;00000233;2;0;2026-07-27;2026-07-27;158685.0;1420.0;111.75;1;S;86316116219407.0;;;
ac1h0726.fac;00003;02;FA;A;00001322;00000277;2;0;2026-07-27;2026-07-27;406964.8;1520.0;267.74;1;S;86305636216961.0;;;
ac1h0726.fac;00003;02;FA;A;00001323;00000005;2;0;2026-07-27;2026-07-27;431186.0;1520.0;283.68;1;S;86305636919374.0;;;
ac1h0726.fac;00003;02;FA;A;00001324;00000022;2;0;2026-07-27;2026-07-27;552672.0;1520.0;363.6;1;S;86305637672309.0;;;
ac1h0726.fac;00003;02;FA;A;00001325;00000067;2;0;2026-07-27;2026-07-27;191216.0;1520.0;125.8;1;S;86305638539536.0;;;
ac1h0726.fac;01900;05;RC;;00001315;00000181;4;0;2026-07-27;;1223.24;;;;;;2026-07-27;0;
ac1h0726.fac;01900;05;RC;;00001318;00000056;4;0;2026-07-27;;1336.0;;;;;;2026-07-27;0;
ac1h0726.fac;01900;05;RC;;00007740;00000006;4;0;2026-07-27;;1020.0;;;;;;2026-07-27;0;
ac1h0726.fac;01900;02;FA;B;19212125;00000181;2;0;2026-07-27;2026-07-27;1223.24;1.0;1223.24;0;S;;;;
ac1h0726.fac;01900;02;FA;B;19212130;00000316;2;0;2026-07-27;2026-07-27;63.0;1.0;63.0;0;S;;;;
ac1h0726.fac;00003;05;RC;;00101091;00000277;4;0;2026-07-28;;406964.8;;;;;;2026-07-28;0;
ac1h0726.fac;01900;05;RC;;00001319;00000111;4;0;2026-07-28;;202.35;;;;;;2026-07-28;0;
ac1h0726.fac;01900;05;RC;;00007742;00000046;4;0;2026-07-28;;2500.0;;;;;;2026-07-28;0;
ac1h0726.fac;01900;02;FA;B;19212126;00000111;2;0;2026-07-28;2026-07-28;202.35;1.0;202.35;0;S;;;;
ac1h0726.fac;01900;02;FA;B;19212129;00000337;2;0;2026-07-28;2026-07-28;336.0;1.0;336.0;0;S;;;;
ac1h0726.fac;01900;05;RC;;00001322;00000056;4;0;2026-07-29;;1330.0;;;;;;2026-07-29;0;
ac1h0726.fac;01900;02;FA;B;19212128;00000034;2;0;2026-07-29;2026-07-29;1978.5;1.0;1978.5;0;S;;;;
ac1h0726.fac;00003;05;RC;;00101092;00000233;4;0;2026-07-30;;158685.0;;;;;;2026-07-30;0;
ac1h0726.fac;00003;05;RC;;00101095;00000295;4;0;2026-07-30;;454500.0;;;;;;2026-07-30;0;
ac1h0726.fac;01900;05;RC;;00001321;00000034;4;0;2026-07-30;;5060.0;;;;;;2026-07-30;0;
ac1h0726.fac;01900;05;RC;;00001327;00000347;4;0;2026-07-30;;411.56;;;;;;2026-07-30;0;
ac1h0726.fac;01900;05;RC;;00007743;00000337;4;0;2026-07-30;;1300.0;;;;;;2026-07-30;0;
ac1h0726.fac;01900;02;FA;B;19212133;00000347;2;0;2026-07-30;2026-07-30;411.56;1.0;411.56;0;S;;;;
ac1h0726.fac;01900;02;FA;B;19212136;00000312;2;0;2026-07-30;2026-07-30;439.45;1.0;439.45;0;S;;;;
ac1h0726.fac;00003;02;FA;A;00001326;00000026;2;0;2026-07-31;2026-07-31;1134927.1;1515.0;749.13;1;S;86316646906811.0;;;
ac1h0726.fac;00003;02;FA;A;00001327;00000028;2;0;2026-07-31;2026-07-31;635163.75;1515.0;419.25;1;S;86316647631857.0;;;
ac1h0726.fac;00003;02;FA;A;00001328;00000005;2;0;2026-07-31;2026-07-31;94081.5;1515.0;62.1;1;S;86316648226129.0;;;
ac1h0726.fac;00003;02;FA;A;00001329;00000295;2;0;2026-07-31;2026-07-31;138395.25;1515.0;91.35;1;S;86316694524394.0;;;
ac1h0726.fac;00003;02;FA;A;00001330;00000230;2;0;2026-07-31;2026-07-31;580381.35;1515.0;383.09;1;S;86316823727649.0;;;
ac1h0726.fac;01900;05;RC;;00001328;00000296;4;0;2026-07-31;;209.67;;;;;;2026-07-31;0;
ac1h0726.fac;01900;05;RC;;00008002;00000066;4;0;2026-07-31;;333.0;;;;;;2026-07-31;0;
ac1h0726.fac;01900;02;FA;B;19212135;00000296;2;0;2026-07-31;2026-07-31;209.67;1.0;209.67;0;S;;;;
ac1h0826.fac;01900;02;FA;A;00000254;00000136;2;0;2026-08-03;2026-08-03;1763.7;1.0;1763.7;0;S;;;;
ac1h0826.fac;01900;02;FA;A;00000262;00000260;2;0;2026-08-03;2026-08-03;86.75;1.0;86.75;0;S;;;;
ac1h0826.fac;01900;05;RC;;00001323;00000056;4;0;2026-08-03;;705.0;;;;;;2026-08-03;0;
ac1h0826.fac;01900;05;RC;;00001326;00000056;4;0;2026-08-03;;1007.0;;;;;;2026-08-03;0;
ac1h0826.fac;01900;05;RC;;00001331;00000312;4;0;2026-08-03;;439.45;;;;;;2026-08-03;0;
ac1h0826.fac;01900;02;FA;B;19212131;00000068;2;0;2026-08-03;2026-08-03;2337.15;1.0;2337.15;0;S;;;;
ac1h0826.fac;01900;02;FA;B;19212132;00000337;2;0;2026-08-03;2026-08-03;300.22;1.0;300.22;0;S;;;;
ac1h0826.fac;00003;05;RC;;00101093;00000005;4;0;2026-08-04;;185130.05;;;;;;2026-08-04;0;
ac1h0826.fac;01900;05;RC;;00001324;00000316;4;0;2026-08-04;;233.58;;;;;;2026-08-04;0;
ac1h0826.fac;01900;05;RC;;00001332;00000312;4;0;2026-08-04;;56.7;;;;;;2026-08-04;0;
ac1h0826.fac;01900;02;FA;B;19212139;00000181;2;0;2026-08-04;2026-08-04;611.62;1.0;611.62;0;S;;;;
ac1h0826.fac;00003;02;FA;A;00001331;00000067;2;0;2026-08-05;2026-08-05;1137262.93;1.0;1137262.93;0;S;86316958407921.0;;;
ac1h0826.fac;00003;02;FA;A;00001332;00000013;2;0;2026-08-05;2026-08-05;1111494.9;1515.0;733.66;1;S;86316970925391.0;;;
ac1h0826.fac;00003;05;RC;;00101096;00000230;4;0;2026-08-05;;580381.35;;;;;;2026-08-05;0;
ac1h0826.fac;01900;05;RC;;00007744;00000063;4;0;2026-08-05;;3328.97;;;;;;2026-08-05;0;
ac1h0826.fac;00003;05;RC;;00007746;00000007;4;0;2026-08-06;;1500000.0;;;;;;2026-08-06;0;
ac1h0826.fac;01900;05;RC;;00001329;00000252;4;0;2026-08-06;;1.42;;;;;;2026-08-06;0;
ac1h0826.fac;01900;05;RC;;00001330;00000037;4;0;2026-08-06;;30.01;;;;;;2026-08-06;0;
ac1h0826.fac;00003;05;RC;;00101097;00000067;4;0;2026-08-07;;191216.0;;;;;;2026-08-07;0;
ac1h0826.fac;00003;05;RC;;00101099;00000004;4;0;2026-08-07;;6633000.0;;;;;;2026-08-07;0;
ac1h0826.fac;01900;05;RC;;00001338;00000350;4;0;2026-08-07;;523.68;;;;;;2026-08-07;0;
ac1h0826.fac;01900;05;RC;;00001339;00000350;4;0;2026-08-07;;689.8;;;;;;2026-08-07;0;
ac1h0826.fac;01900;05;RC;;00001341;00000312;4;0;2026-08-07;;381.47;;;;;;2026-08-07;0;
ac1h0826.fac;01900;05;RC;;00001342;00000312;4;0;2026-08-07;;61.81;;;;;;2026-08-07;0;
ac1h0826.fac;01900;02;FA;B;19212156;00000350;2;0;2026-08-07;2026-08-07;752.18;1.0;752.18;0;S;;;;
ac1h0826.fac;00003;02;FA;A;00001333;00000139;2;0;2026-08-10;2026-08-10;8239671.48;1520.0;5420.84;1;S;86327698073262.0;;;
ac1h0826.fac;00003;02;FA;A;00001334;00000020;2;0;2026-08-10;2026-08-10;96398.4;1520.0;63.42;1;S;86327720793331.0;;;
ac1h0826.fac;00003;02;FA;A;00001335;00000281;2;0;2026-08-10;2026-08-10;572546.0;1520.0;376.68;1;S;86327745888131.0;;;
ac1h0826.fac;00003;02;FA;A;00001336;00000295;2;0;2026-08-10;2026-08-10;845819.2;1520.0;556.46;1;S;86327758524597.0;;;
ac1h0826.fac;00003;05;RC;;00007747;00000295;4;0;2026-08-10;;752000.0;;;;;;2026-08-10;0;
ac1h0826.fac;00003;05;RC;;00101098;00000210;4;0;2026-08-10;;16514972.98;;;;;;2026-08-10;0;
ac1h0826.fac;01900;05;RC;;00001334;00000056;4;0;2026-08-10;;3242.88;;;;;;2026-08-10;0;
ac1h0826.fac;01900;05;RC;;00001336;00000284;4;0;2026-08-10;;71.6;;;;;;2026-08-10;0;
ac1h0826.fac;01900;02;FA;B;19212140;00000072;2;0;2026-08-10;2026-08-10;389.49;1.0;389.49;0;S;;;;
ac1h0826.fac;01900;02;FA;B;19212148;00000284;2;0;2026-08-10;2026-08-10;71.6;1.0;71.6;0;S;;;;
ac1h0826.fac;00003;02;FA;A;00001337;00000295;2;0;2026-08-11;2026-08-11;72871.5;1515.0;48.1;1;S;86327923958892.0;;;
ac1h0826.fac;00003;02;FA;A;00001338;00000007;2;0;2026-08-11;2026-08-11;2821460.25;1515.0;1862.35;1;S;86327925362129.0;;;
ac1h0826.fac;00003;02;FA;A;00001339;00000026;2;0;2026-08-11;2026-08-11;265731.0;1515.0;175.4;1;S;86327925787851.0;;;
ac1h0826.fac;01900;05;RC;;00001333;00000056;4;0;2026-08-11;;1000.0;;;;;;2026-08-11;0;
ac1h0826.fac;01900;05;RC;;00001337;00000305;4;0;2026-08-11;;379.3;;;;;;2026-08-11;0;
ac1h0826.fac;01900;05;RC;;00007748;00000046;4;0;2026-08-11;;1828.3;;;;;;2026-08-11;0;
ac1h0826.fac;01900;05;RC;;00007749;00000246;4;0;2026-08-11;;100.0;;;;;;2026-08-11;0;
ac1h0826.fac;01900;02;FA;B;19212146;00000246;2;0;2026-08-11;2026-08-11;307.02;1.0;307.02;0;S;;;;
ac1h0826.fac;01900;02;FA;B;19212149;00000305;2;0;2026-08-11;2026-08-11;379.3;1.0;379.3;0;S;;;;
ac1h0826.fac;00003;02;FA;A;00001340;00000013;2;0;2026-08-12;2026-08-12;2462102.25;1515.0;1625.15;1;S;86328026542439.0;;;
ac1h0826.fac;00003;05;RC;;00101102;00000233;4;0;2026-08-12;;98117.0;;;;;;2026-08-12;0;
ac1h0826.fac;00003;05;RC;;00101105;00000005;4;0;2026-08-12;;525267.5;;;;;;2026-08-12;0;
ac1h0826.fac;01900;02;FA;A;00000255;00000006;2;0;2026-08-12;2026-08-12;30.05;1.0;30.05;0;S;;;;
ac1h0826.fac;01900;02;FA;A;00000256;00000136;2;0;2026-08-12;2026-08-12;144.3;1.0;144.3;0;S;;;;
ac1h0826.fac;01900;05;RC;;00001335;00000045;4;0;2026-08-12;;425.16;;;;;;2026-08-12;0;
ac1h0826.fac;01900;05;RC;;00001345;00000056;4;0;2026-08-12;;4300.0;;;;;;2026-08-12;0;
ac1h0826.fac;01900;05;RC;;00001347;00000350;4;0;2026-08-12;;914.04;;;;;;2026-08-12;0;
ac1h0826.fac;01900;02;FA;B;19212141;00000063;2;0;2026-08-12;2026-08-12;3543.95;1.0;3543.95;0;S;;;;
ac1h0826.fac;01900;02;FA;B;19212142;00000132;2;0;2026-08-12;2026-08-12;2369.83;1.0;2369.83;0;S;;;;
ac1h0826.fac;01900;02;FA;B;19212143;00000061;2;0;2026-08-12;2026-08-12;4251.03;1.0;4251.03;0;S;;;;
ac1h0826.fac;01900;02;FA;B;19212144;00000045;2;0;2026-08-12;2026-08-12;425.16;1.0;425.16;0;S;;;;
ac1h0826.fac;01900;02;FA;B;19212145;00000327;2;0;2026-08-12;2026-08-12;331.42;1.0;331.42;0;S;;;;
ac1h0826.fac;01900;02;FA;B;19212150;00000068;2;0;2026-08-12;2026-08-12;244.77;1.0;244.77;0;S;;;;
ac1h0826.fac;01900;02;FA;B;19212151;00000056;2;0;2026-08-12;2026-08-12;8393.07;1.0;8393.07;0;S;;;;
ac1h0826.fac;01900;02;FA;B;19212159;00000344;2;0;2026-08-12;2026-08-12;1423.39;1.0;1423.39;0;S;;;;
ac1h0826.fac;01900;05;RC;;00001343;00000314;4;0;2026-08-13;;148.86;;;;;;2026-08-13;0;
ac1h0826.fac;01900;05;RC;;00001348;00000003;4;0;2026-08-13;;265.0;;;;;;2026-08-13;0;
ac1h0826.fac;01900;05;RC;;00001351;00000056;4;0;2026-08-13;;6442.0;;;;;;2026-08-13;0;
ac1h0826.fac;01900;05;RC;;00001358;00000056;4;0;2026-08-13;;2897.0;;;;;;2026-08-13;0;
ac1h0826.fac;01900;02;FA;B;19212160;00000314;2;0;2026-08-13;2026-08-13;148.86;1.0;148.86;0;S;;;;
ac1h0826.fac;01900;02;FA;B;19212161;00000003;2;0;2026-08-13;2026-08-13;265.0;1.0;265.0;0;S;;;;
ac1h0826.fac;00003;05;RC;;00101100;00000013;4;0;2026-08-14;;1111494.9;;;;;;2026-08-14;0;
ac1h0826.fac;00003;05;RC;;00101101;00000004;4;0;2026-08-14;;6666052.9;;;;;;2026-08-14;0;
ac1h0826.fac;00003;05;RC;;00101104;00000067;4;0;2026-08-14;;1137262.93;;;;;;2026-08-14;0;
ac1h0826.fac;01900;05;RC;;00001350;00000056;4;0;2026-08-14;;3300.0;;;;;;2026-08-14;0;
ac1h0826.fac;01900;02;FA;B;19212163;00000316;2;0;2026-08-14;2026-08-14;71.55;1.0;71.55;0;S;;;;
ac1h0826.fac;01900;02;FA;B;19212186;00000354;2;0;2026-08-14;2026-08-14;2260.79;1.0;2260.79;0;S;;;;
ac1h0826.fac;01900;05;RC;;00001344;00000181;4;0;2026-08-17;;611.62;;;;;;2026-08-17;0;
ac1h0826.fac;00003;02;FA;A;00001341;00000004;2;0;2026-08-18;2026-08-18;7647546.0;1510.0;5064.6;1;S;86338840884132.0;;;
ac1h0826.fac;00003;02;FA;A;00001342;00000336;2;0;2026-08-18;2026-08-18;164484.3;1510.0;108.93;1;S;86338860672803.0;;;
ac1h0826.fac;00003;05;RC;;00101106;00000026;4;0;2026-08-18;;1545018.1;;;;;;2026-08-18;0;
ac1h0826.fac;00003;05;RC;;00101107;00000336;4;0;2026-08-18;;164484.3;;;;;;2026-08-18;0;
ac1h0826.fac;01900;02;FA;A;00000258;00000136;2;0;2026-08-18;2026-08-18;221.95;1.0;221.95;0;S;;;;
ac1h0826.fac;01900;02;FA;A;00000263;00000277;2;0;2026-08-18;2026-08-18;80.97;1.0;80.97;0;S;;;;
ac1h0826.fac;01900;02;FA;A;00000264;00000080;2;0;2026-08-18;2026-08-18;149.99;1.0;149.99;0;S;;;;
ac1h0826.fac;01900;05;RC;;00001346;00000344;4;0;2026-08-18;;1423.39;;;;;;2026-08-18;0;
ac1h0826.fac;01900;05;RC;;00001352;00000316;4;0;2026-08-18;;71.55;;;;;;2026-08-18;0;
ac1h0826.fac;01900;05;RC;;00001370;00000296;4;0;2026-08-18;;157.48;;;;;;2026-08-18;0;
ac1h0826.fac;01900;05;RC;;00001371;00000277;4;0;2026-08-18;;80.97;;;;;;2026-08-18;0;
ac1h0826.fac;01900;02;FA;B;19212171;00000296;2;0;2026-08-18;2026-08-18;157.48;1.0;157.48;0;S;;;;
ac1h0826.fac;00003;05;RC;;00101112;00000295;4;0;2026-08-19;;1368000.0;;;;;;2026-08-19;0;
ac1h0826.fac;01900;02;FA;A;00000265;00000080;2;0;2026-08-19;2026-08-19;75.0;1.0;75.0;0;S;;;;
ac1h0826.fac;01900;05;RC;;00008051;00000325;4;0;2026-08-19;;300.0;;;;;;2026-08-19;0;
ac1h0826.fac;01900;02;FA;B;19212164;00000252;2;0;2026-08-19;2026-08-19;455.45;1.0;455.45;0;S;;;;
ac1h0826.fac;01900;02;FA;B;19212174;00000122;2;0;2026-08-19;2026-08-19;517.88;1.0;517.88;0;S;;;;
ac1h0826.fac;00003;02;FA;A;00001343;00000352;2;0;2026-08-20;2026-08-20;128290.2;1515.0;84.68;1;S;86349180569031.0;;;
ac1h0826.fac;00003;02;FA;A;00001344;00000275;2;0;2026-08-20;2026-08-20;263738.78;1515.0;174.09;1;S;86349195297244.0;;;
ac1h0826.fac;00003;02;FA;A;00001345;00000295;2;0;2026-08-20;2026-08-20;159574.95;1515.0;105.33;1;S;86349206469398.0;;;
ac1h0826.fac;00003;02;FA;A;00001346;00000295;2;0;2026-08-20;2026-08-20;422685.0;1515.0;279.0;1;S;86349206959028.0;;;
ac1h0826.fac;00003;05;RC;;00101109;00000028;4;0;2026-08-20;;800000.0;;;;;;2026-08-20;0;
ac1h0826.fac;01900;05;RC;;00001353;00000056;4;0;2026-08-20;;1300.0;;;;;;2026-08-20;0;
ac1h0826.fac;01900;05;RC;;00001354;00000056;4;0;2026-08-20;;2000.0;;;;;;2026-08-20;0;
ac1h0826.fac;01900;05;RC;;00001357;00000327;4;0;2026-08-20;;98.7;;;;;;2026-08-20;0;
ac1h0826.fac;01900;05;RC;;00001359;00000056;4;0;2026-08-20;;405.34;;;;;;2026-08-20;0;
ac1h0826.fac;01900;05;RC;;00001360;00000224;4;0;2026-08-20;;1059.12;;;;;;2026-08-20;0;
ac1h0826.fac;01900;05;RC;;00001361;00000056;4;0;2026-08-20;;5000.0;;;;;;2026-08-20;0;
ac1h0826.fac;01900;05;RC;;00001363;00000136;4;0;2026-08-20;;2129.95;;;;;;2026-08-20;0;
ac1h0826.fac;01900;05;RC;;00007750;00000043;4;0;2026-08-20;;940.0;;;;;;2026-08-20;0;
ac1h0826.fac;01900;05;RC;;00008052;00000337;4;0;2026-08-20;;395.06;;;;;;2026-08-20;0;
ac1h0826.fac;01900;02;FA;B;19212165;00000068;2;0;2026-08-20;2026-08-20;1190.48;1.0;1190.48;0;S;;;;
ac1h0826.fac;01900;02;FA;B;19212166;00000224;2;0;2026-08-20;2026-08-20;1059.12;1.0;1059.12;0;S;;;;
ac1h0826.fac;01900;02;FA;B;19212167;00000090;2;0;2026-08-20;2026-08-20;824.47;1.0;824.47;0;S;;;;
ac1h0826.fac;01900;02;FA;B;19212168;00000221;2;0;2026-08-20;2026-08-20;378.31;1.0;378.31;0;S;;;;
ac1h0826.fac;00003;05;RC;;00008054;00000007;4;0;2026-08-21;;1535000.0;;;;;;2026-08-21;0;
ac1h0826.fac;00003;05;RC;;00101108;00000275;4;0;2026-08-21;;263738.78;;;;;;2026-08-21;0;
ac1h0826.fac;01900;05;RC;;00001362;00000056;4;0;2026-08-21;;167.0;;;;;;2026-08-21;0;
ac1h0826.fac;01900;05;RC;;00001372;00000056;4;0;2026-08-21;;1100.0;;;;;;2026-08-21;0;
ac1h0826.fac;01900;05;RC;;00008004;00000068;4;0;2026-08-21;;986.0;;;;;;2026-08-21;0;
ac1h0826.fac;01900;05;RC;;00008053;00000080;4;0;2026-08-21;;300.0;;;;;;2026-08-21;0;
ac1h0826.fac;00003;03;ND;A;00000007;00000026;2;0;2026-08-24;2026-08-24;420000.1;1525.0;275.41;1;S;86349721466939.0;;;
ac1h0826.fac;00003;04;NC;A;00000168;00000080;2;0;2026-08-24;2026-08-24;228734.75;1525.0;149.99;1;S;86349721346876.0;;;
ac1h0826.fac;00003;04;NC;A;00000169;00000080;2;0;2026-08-24;2026-08-24;114375.0;1525.0;75.0;1;S;86349721635792.0;;;
ac1h0826.fac;00003;02;FA;A;00001347;00000080;2;0;2026-08-24;2026-08-24;228734.75;1525.0;149.99;1;S;86349715198742.0;;;
ac1h0826.fac;00003;02;FA;A;00001348;00000080;2;0;2026-08-24;2026-08-24;114375.0;1525.0;75.0;1;S;86349715827037.0;;;
ac1h0826.fac;00003;02;FA;A;00001349;00000295;2;0;2026-08-24;2026-08-24;171028.75;1525.0;112.15;1;S;86349717871826.0;;;
ac1h0826.fac;00003;02;FA;A;00001350;00000295;2;0;2026-08-24;2026-08-24;158615.25;1525.0;104.01;1;S;86349718215004.0;;;
ac1h0826.fac;00003;02;FA;A;00001351;00000012;2;0;2026-08-24;2026-08-24;220316.75;1525.0;144.47;1;S;86349719083026.0;;;
ac1h0826.fac;00003;02;FA;A;00001352;00000353;2;0;2026-08-24;2026-08-24;121939.0;1525.0;79.96;1;S;86349732725438.0;;;
ac1h0826.fac;00003;02;FA;A;00001353;00000235;2;0;2026-08-24;2026-08-24;9436654.25;1525.0;6187.97;1;S;86349733472207.0;;;
ac1h0826.fac;00003;02;FA;A;00001354;00000351;2;0;2026-08-24;2026-08-24;5149727.4;1515.0;3399.16;1;S;86349994894469.0;;;
ac1h0826.fac;00003;05;RC;;00008055;00000235;4;0;2026-08-24;;9436654.25;;;;;;2026-08-24;0;
ac1h0826.fac;00003;05;RC;;00101110;00000020;4;0;2026-08-24;;96398.4;;;;;;2026-08-24;0;
ac1h0826.fac;00003;05;RC;;00101111;00000281;4;0;2026-08-24;;572546.0;;;;;;2026-08-24;0;
ac1h0826.fac;00003;05;RC;;00101113;00000295;4;0;2026-08-24;;328320.0;;;;;;2026-08-24;0;
ac1h0826.fac;01900;05;RC;;00001364;00000327;4;0;2026-08-24;;232.72;;;;;;2026-08-24;0;
ac1h0826.fac;01900;05;RC;;00001365;00000348;4;0;2026-08-24;;24.8;;;;;;2026-08-24;0;
ac1h0826.fac;01900;05;RC;;00001373;00000297;4;0;2026-08-24;;1071.0;;;;;;2026-08-24;0;
ac1h0826.fac;01900;05;RC;;00001377;00000056;4;0;2026-08-24;;2000.0;;;;;;2026-08-24;0;
ac1h0826.fac;01900;02;FA;B;19212169;00000068;2;0;2026-08-24;2026-08-24;1187.71;1.0;1187.71;0;S;;;;
ac1h0826.fac;01900;02;FA;B;19212170;00000344;2;0;2026-08-24;2026-08-24;704.72;1.0;704.72;0;S;;;;
ac1h0826.fac;01900;02;FA;B;19212172;00000297;2;0;2026-08-24;2026-08-24;1071.0;1.0;1071.0;0;S;;;;
ac1h0826.fac;01900;02;FA;B;19212178;00000296;2;0;2026-08-24;2026-08-24;261.2;1.0;261.2;0;S;;;;
ac1h0826.fac;01900;02;FA;B;19212181;00000112;2;0;2026-08-24;2026-08-24;275.27;1.0;275.27;0;S;;;;
ac1h0826.fac;00003;02;FA;A;00001355;00000308;2;0;2026-08-25;2026-08-25;209159.1;1535.0;136.26;1;S;86350361600756.0;;;
ac1h0826.fac;00003;05;RC;;00008056;00000139;4;0;2026-08-25;;11803912.3;;;;;;2026-08-25;0;
ac1h0826.fac;00003;05;RC;;00101114;00000295;4;0;2026-08-25;;456000.0;;;;;;2026-08-25;0;
ac1h0826.fac;01900;05;RC;;00001369;00000056;4;0;2026-08-25;;1032.0;;;;;;2026-08-25;0;
ac1h0826.fac;01900;05;RC;;00008005;00000006;4;0;2026-08-25;;1000.0;;;;;;2026-08-25;0;
ac1h0826.fac;01900;02;FA;B;19212175;00000181;2;0;2026-08-25;2026-08-25;611.62;1.0;611.62;0;S;;;;
ac1h0826.fac;00003;02;FA;A;00001356;00000022;2;0;2026-08-26;2026-08-26;2075766.3;1530.0;1356.71;1;S;86350763746720.0;;;
ac1h0826.fac;00003;02;FA;A;00001357;00000235;2;0;2026-08-26;2026-08-26;2422915.65;1530.0;1583.61;1;S;86350765205193.0;;;
ac1h0826.fac;00003;02;FA;A;00001358;00000295;2;0;2026-08-26;2026-08-26;295596.0;1530.0;193.2;1;S;86350773248159.0;;;
ac1h0826.fac;00003;02;FA;A;00001359;00000295;2;0;2026-08-26;2026-08-26;142060.5;1530.0;92.85;1;S;86350774774618.0;;;
ac1h0826.fac;00003;05;RC;;00101115;00000351;4;0;2026-08-26;;5149727.4;;;;;;2026-08-26;0;
ac1h0826.fac;00003;05;RC;;00101116;00000242;4;0;2026-08-26;;200000.0;;;;;;2026-08-26;0;
ac1h0826.fac;01900;05;RC;;00001366;00000317;4;0;2026-08-26;;172.8;;;;;;2026-08-26;0;
ac1h0826.fac;01900;05;RC;;00001367;00000056;4;0;2026-08-26;;300.0;;;;;;2026-08-26;0;
ac1h0826.fac;01900;05;RC;;00001368;00000056;4;0;2026-08-26;;554.0;;;;;;2026-08-26;0;
ac1h0826.fac;01900;05;RC;;00001374;00000122;4;0;2026-08-26;;727.94;;;;;;2026-08-26;0;
ac1h0826.fac;01900;05;RC;;00008057;00000063;4;0;2026-08-26;;3543.95;;;;;;2026-08-26;0;
ac1h0826.fac;01900;02;FA;B;19212173;00000122;2;0;2026-08-26;2026-08-26;210.06;1.0;210.06;0;S;;;;
ac1h0826.fac;01900;02;FA;B;19212176;00000181;2;0;2026-08-26;2026-08-26;611.62;1.0;611.62;0;S;;;;
ac1h0826.fac;01900;02;FA;B;19212177;00000181;2;0;2026-08-26;2026-08-26;611.62;1.0;611.62;0;S;;;;
ac1h0826.fac;01900;02;FA;B;19212185;00000296;2;0;2026-08-26;2026-08-26;61.9;1.0;61.9;0;S;;;;
ac1h0826.fac;00003;05;RC;;00101117;00000353;4;0;2026-08-27;;121939.0;;;;;;2026-08-27;0;
ac1h0826.fac;01900;02;FA;A;00000270;00000169;2;0;2026-08-27;2026-08-27;453.45;1.0;453.45;0;S;;;;
ac1h0826.fac;00003;05;RC;;00008058;00000007;4;0;2026-08-28;;1530000.0;;;;;;2026-08-28;0;
ac1h0826.fac;01900;02;FA;A;00000266;00000143;2;0;2026-08-28;2026-08-28;200.0;1.0;200.0;0;S;;;;
ac1h0826.fac;01900;05;RC;;00001383;00000221;4;0;2026-08-28;;767.51;;;;;;2026-08-28;0;
ac1h0826.fac;01900;05;RC;;00008006;00000143;4;0;2026-08-28;;200.0;;;;;;2026-08-28;0;
ac1h0826.fac;00003;05;RC;;00101118;00000308;4;0;2026-08-29;;209159.1;;;;;;2026-08-29;0;
ac1h0826.fac;01900;02;FA;A;00000267;00000006;2;0;2026-08-31;2026-08-31;568.42;1.0;568.42;0;S;;;;
ac1h0826.fac;01900;02;FA;A;00000268;00000136;2;0;2026-08-31;2026-08-31;184.8;1.0;184.8;0;S;;;;
ac1h0826.fac;01900;02;FA;A;00000269;00000218;2;0;2026-08-31;2026-08-31;220.81;1.0;220.81;0;S;;;;
ac1h0826.fac;01900;05;RC;;00001375;00000296;4;0;2026-08-31;;130.76;;;;;;2026-08-31;0;
ac1h0826.fac;01900;05;RC;;00001388;00000218;4;0;2026-08-31;;220.81;;;;;;2026-08-31;0;
ac1h0926.fac;00003;05;RC;;00101121;00000295;4;0;2026-09-02;;608000.0;;;;;;2026-09-02;0;
ac1h0926.fac;01900;05;RC;;00001376;00000252;4;0;2026-09-02;;455.45;;;;;;2026-09-02;0;
ac1h0926.fac;01900;05;RC;;00001378;00000214;4;0;2026-09-02;;359.39;;;;;;2026-09-02;0;
ac1h0926.fac;01900;05;RC;;00001384;00000202;4;0;2026-09-02;;129.39;;;;;;2026-09-02;0;
ac1h0926.fac;01900;05;RC;;00001385;00000132;4;0;2026-09-02;;4870.61;;;;;;2026-09-02;0;
ac1h0926.fac;01900;02;FA;B;19212179;00000214;2;0;2026-09-02;2026-09-02;359.39;1.0;359.39;0;S;;;;
ac1h0926.fac;01900;02;FA;B;19212182;00000312;2;0;2026-09-02;2026-09-02;419.58;1.0;419.58;0;S;;;;
ac1h0926.fac;00003;02;FA;A;00001360;00000067;2;0;2026-09-03;2026-09-03;912260.77;1.0;912260.77;0;S;86361263016655.0;;;
ac1h0926.fac;01900;05;RC;;00001379;00000112;4;0;2026-09-03;;275.27;;;;;;2026-09-03;0;
ac1h0926.fac;01900;05;RC;;00001380;00000112;4;0;2026-09-03;;3005.17;;;;;;2026-09-03;0;
ac1h0926.fac;01900;05;RC;;00001381;00000305;4;0;2026-09-03;;420.14;;;;;;2026-09-03;0;
ac1h0926.fac;01900;05;RC;;00001386;00000344;4;0;2026-09-03;;704.72;;;;;;2026-09-03;0;
ac1h0926.fac;01900;05;RC;;00001387;00000350;4;0;2026-09-03;;228.5;;;;;;2026-09-03;0;
ac1h0926.fac;01900;05;RC;;00007456;00000191;4;0;2026-09-03;;1151.47;;;;;;2026-09-03;0;
ac1h0926.fac;01900;02;FA;B;19212180;00000112;2;0;2026-09-03;2026-09-03;3005.17;1.0;3005.17;0;S;;;;
ac1h0926.fac;01900;02;FA;B;19212183;00000305;2;0;2026-09-03;2026-09-03;420.14;1.0;420.14;0;S;;;;
ac1h0926.fac;00003;02;FA;A;00001361;00000067;2;0;2026-09-04;2026-09-04;1410876.78;1.0;1410876.78;0;S;86361458832821.0;;;
ac1h0926.fac;00003;05;RC;;00101119;00000235;4;0;2026-09-04;;2422915.65;;;;;;2026-09-04;0;
ac1h0926.fac;00003;05;RC;;00101120;00000004;4;0;2026-09-04;;7647546.0;;;;;;2026-09-04;0;
ac1h0926.fac;01900;05;RC;;00001389;00000296;4;0;2026-09-04;;61.9;;;;;;2026-09-04;0;
ac1h0926.fac;01900;05;RC;;00008007;00000068;4;0;2026-09-04;;990.0;;;;;;2026-09-04;0;
ac1h0926.fac;00003;02;FA;B;00000211;00000017;2;0;2026-09-07;2026-09-07;1069737.75;1530.0;699.18;1;S;86361898656690.0;;;
ac1h0926.fac;00003;02;FA;A;00001362;00000005;2;0;2026-09-07;2026-09-07;709308.0;1530.0;463.6;1;S;86361893914113.0;;;
ac1h0926.fac;00003;02;FA;A;00001363;00000281;2;0;2026-09-07;2026-09-07;257108.85;1530.0;168.05;1;S;86361899821544.0;;;
ac1h0926.fac;01900;02;FA;A;00000271;00000006;2;0;2026-09-07;2026-09-07;426.41;1.0;426.41;0;S;;;;
ac1h0926.fac;01900;05;RC;;00001382;00000090;4;0;2026-09-07;;824.47;;;;;;2026-09-07;0;
ac1h0926.fac;01900;05;RC;;00001390;00000200;4;0;2026-09-07;;2495.75;;;;;;2026-09-07;0;
ac1h0926.fac;01900;05;RC;;00001391;00000066;4;0;2026-09-07;;263.15;;;;;;2026-09-07;0;
ac1h0926.fac;01900;05;RC;;00001392;00000181;4;0;2026-09-07;;1223.24;;;;;;2026-09-07;0;
ac1h0926.fac;01900;05;RC;;00001393;00000296;4;0;2026-09-07;;130.44;;;;;;2026-09-07;0;
ac1h0926.fac;01900;05;RC;;00001394;00000072;4;0;2026-09-07;;24.37;;;;;;2026-09-07;0;
ac1h0926.fac;01900;02;FA;B;19212184;00000170;2;0;2026-09-07;2026-09-07;2040.37;1.0;2040.37;0;S;;;;
ac1h0926.fac;01900;02;FA;B;19212187;00000344;2;0;2026-09-07;2026-09-07;661.01;1.0;661.01;0;S;;;;
ac1h0926.fac;01900;05;RC;;00001395;00000312;4;0;2026-09-08;;419.58;;;;;;2026-09-08;0;
ac1h0926.fac;01900;05;RC;;00001396;00000034;4;0;2026-09-08;;300.0;;;;;;2026-09-08;0;
ac1h0926.fac;00003;02;FA;A;00001364;00000235;2;0;2026-09-09;2026-09-09;5661604.35;1530.0;3700.4;1;S;86362201235508.0;;;
ac1h0926.fac;00003;02;FA;A;00001365;00000139;2;0;2026-09-09;2026-09-09;9778406.26;1530.0;6391.12;1;S;86362209000870.0;;;
ac1h0926.fac;00003;02;FA;A;00001366;00000025;2;0;2026-09-09;2026-09-09;2796901.2;1530.0;1828.04;1;S;86362212887176.0;;;
ac1h0926.fac;00003;02;FA;A;00001367;00000007;2;0;2026-09-09;2026-09-09;1692807.3;1530.0;1106.41;1;S;86362214385011.0;;;
ac1h0926.fac;00003;02;FA;A;00001368;00000004;2;0;2026-09-09;2026-09-09;4922178.3;1530.0;3217.11;1;S;86362218723644.0;;;
ac1h0926.fac;00003;05;RC;;00101122;00000352;4;0;2026-09-09;;128290.2;;;;;;2026-09-09;0;
ac1h0926.fac;00003;05;RC;;00101123;00000295;4;0;2026-09-09;;688500.0;;;;;;2026-09-09;0;
ac1h0926.fac;00003;05;RC;;00101125;00000005;4;0;2026-09-09;;709308.0;;;;;;2026-09-09;0;
ac1h0926.fac;01900;02;FA;A;00000272;00000006;2;0;2026-09-09;2026-09-09;683.77;1.0;683.77;0;S;;;;
ac1h0926.fac;01900;05;RC;;00007805;00000056;4;0;2026-09-09;;5000.0;;;;;;2026-09-09;0;
ac1h0926.fac;01900;02;FA;B;19212188;00000132;2;0;2026-09-09;2026-09-09;5446.91;1.0;5446.91;0;S;;;;
ac1h0926.fac;01900;02;FA;B;19212189;00000132;2;0;2026-09-09;2026-09-09;367.02;1.0;367.02;0;S;;;;
ac1h0926.fac;01900;02;FA;B;19212190;00000045;2;0;2026-09-09;2026-09-09;735.92;1.0;735.92;0;S;;;;
ac1h0926.fac;01900;02;FA;B;19212191;00000061;2;0;2026-09-09;2026-09-09;2047.99;1.0;2047.99;0;S;;;;
ac1h0926.fac;01900;02;FA;B;19212192;00000063;2;0;2026-09-09;2026-09-09;6913.49;1.0;6913.49;0;S;;;;
ac1h0926.fac;00003;03;ND;A;00000008;00000026;2;0;2026-09-10;2026-09-10;2525414.94;1530.0;1650.6;1;S;86372417439354.0;;;
ac1h0926.fac;00003;04;NC;B;00000056;00000017;2;0;2026-09-10;2026-09-10;188832.6;1530.0;123.42;1;S;86372401586548.0;;;
ac1h0926.fac;00003;04;NC;A;00000170;00000026;2;0;2026-09-10;2026-09-10;2945415.24;1530.0;1925.11;1;S;86372413528094.0;;;
ac1h0926.fac;00003;04;NC;A;00000171;00000025;2;0;2026-09-10;2026-09-10;141448.5;1530.0;92.45;1;S;86372441174891.0;;;
ac1h0926.fac;00003;02;FA;A;00001369;00000026;2;0;2026-09-10;2026-09-10;2945415.24;1530.0;1925.11;1;S;86372413033974.0;;;
ac1h0926.fac;00003;05;RC;;00101124;00000168;4;0;2026-09-10;;11626217.97;;;;;;2026-09-10;0;
ac1h0926.fac;01900;02;FA;A;00000273;00000334;2;0;2026-09-10;2026-09-10;218.07;1.0;218.07;0;S;;;;
ac1h0926.fac;01900;05;RC;;00001397;00000056;4;0;2026-09-10;;2800.0;;;;;;2026-09-10;0;
ac1h0926.fac;01900;05;RC;;00001398;00000056;4;0;2026-09-10;;100.0;;;;;;2026-09-10;0;
ac1h0926.fac;01900;05;RC;;00001401;00000334;4;0;2026-09-10;;118.07;;;;;;2026-09-10;0;
ac1h0926.fac;01900;05;RC;;00007806;00000334;4;0;2026-09-10;;100.0;;;;;;2026-09-10;0;
ac1h0926.fac;01900;02;FA;B;19212193;00000056;2;0;2026-09-10;2026-09-10;11633.79;1.0;11633.79;0;S;;;;
ac1h0926.fac;01900;02;FA;B;19212194;00000056;2;0;2026-09-10;2026-09-10;5000.0;1.0;5000.0;0;S;;;;
ac1h0926.fac;01900;02;FA;B;19212195;00000056;2;0;2026-09-10;2026-09-10;8963.05;1.0;8963.05;0;S;;;;
ac1h0926.fac;01900;02;FA;B;19212196;00000202;2;0;2026-09-10;2026-09-10;18278.32;1.0;18278.32;0;S;;;;
ac1h0926.fac;00003;05;RC;;00008059;00000017;4;0;2026-09-11;;880905.15;;;;;;2026-09-11;0;
ac1h0926.fac;01900;05;RC;;00001402;00000056;4;0;2026-09-11;;2000.0;;;;;;2026-09-11;0;
ac1h0926.fac;01900;05;RC;;00001406;00000034;4;0;2026-09-11;;136.89;;;;;;2026-09-11;0;
ac1h0926.fac;01900;05;RC;;00007807;00000006;4;0;2026-09-11;;1000.0;;;;;;2026-09-11;0;
ac1h0926.fac;01900;05;RC;;00001405;00000169;4;0;2026-09-14;;453.45;;;;;;2026-09-14;0;
ac1h0926.fac;01900;05;RC;;00001409;00000142;4;0;2026-09-14;;117.5;;;;;;2026-09-14;0;
ac1h0926.fac;01900;05;RC;;00001410;00000316;4;0;2026-09-14;;57.35;;;;;;2026-09-14;0;
ac1h0926.fac;01900;05;RC;;00008060;00000043;4;0;2026-09-14;;653.59;;;;;;2026-09-14;0;
ac1h0926.fac;01900;05;RC;;00008061;00000068;4;0;2026-09-14;;984.0;;;;;;2026-09-14;0;
ac1h0926.fac;01900;02;FA;B;19212197;00000337;2;0;2026-09-14;2026-09-14;637.52;1.0;637.52;0;S;;;;
ac1h0926.fac;00003;05;RC;;00101127;00000235;4;0;2026-09-15;;5661604.35;;;;;;2026-09-15;0;
ac1h0926.fac;00003;05;RC;;00101128;00000026;4;0;2026-09-15;;2945415.04;;;;;;2026-09-15;0;
ac1h0926.fac;01900;05;RC;;00001404;00000056;4;0;2026-09-15;;6530.0;;;;;;2026-09-15;0;
ac1h0926.fac;01900;02;FA;B;19212198;00000142;2;0;2026-09-15;2026-09-15;117.5;1.0;117.5;0;S;;;;
ac1h0926.fac;01900;02;FA;B;19212199;00000264;2;0;2026-09-15;2026-09-15;125.13;1.0;125.13;0;S;;;;
ac1h0926.fac;01900;02;FA;B;19212200;00000090;2;0;2026-09-15;2026-09-15;660.08;1.0;660.08;0;S;;;;
ac1h0926.fac;01900;02;FA;B;19212201;00000296;2;0;2026-09-15;2026-09-15;117.38;1.0;117.38;0;S;;;;
ac1h0926.fac;01900;02;FA;B;19212202;00000316;2;0;2026-09-15;2026-09-15;57.35;1.0;57.35;0;S;;;;
ac1h0926.fac;01900;02;FA;B;19212203;00000312;2;0;2026-09-15;2026-09-15;732.52;1.0;732.52;0;S;;;;
ac1h0926.fac;00003;02;FA;A;00001370;00000028;2;0;2026-09-16;2026-09-16;844743.6;1530.0;552.12;1;S;86373280895236.0;;;
ac1h0926.fac;00003;02;FA;A;00001371;00000281;2;0;2026-09-16;2026-09-16;127571.4;1530.0;83.38;1;S;86373283857145.0;;;
ac1h0926.fac;00003;02;FA;A;00001372;00000005;2;0;2026-09-16;2026-09-16;65790.0;1530.0;43.0;1;S;86373284606573.0;;;
ac1h0926.fac;00003;02;FA;A;00001373;00000012;2;0;2026-09-16;2026-09-16;210084.3;1530.0;137.31;1;S;86373285938636.0;;;
ac1h0926.fac;00003;02;FA;A;00001374;00000022;2;0;2026-09-16;2026-09-16;30829.5;1530.0;20.15;1;S;86373287168958.0;;;
ac1h0926.fac;00003;02;FA;A;00001375;00000295;2;0;2026-09-16;2026-09-16;180417.6;1530.0;117.92;1;S;86373297563590.0;;;
ac1h0926.fac;01900;02;FA;A;00000274;00000218;2;0;2026-09-16;2026-09-16;375.21;1.0;375.21;0;S;;;;
ac1h0926.fac;01900;02;FA;A;00000275;00000136;2;0;2026-09-16;2026-09-16;912.37;1.0;912.37;0;S;;;;
ac1h0926.fac;01900;05;RC;;00001403;00000056;4;0;2026-09-16;;4000.0;;;;;;2026-09-16;0;
ac1h0926.fac;01900;05;RC;;00001407;00000181;4;0;2026-09-16;;611.62;;;;;;2026-09-16;0;
ac1h0926.fac;01900;05;RC;;00001411;00000218;4;0;2026-09-16;;375.21;;;;;;2026-09-16;0;
ac1h0926.fac;01900;05;RC;;00001413;00000056;4;0;2026-09-16;;620.0;;;;;;2026-09-16;0;
ac1h0926.fac;01900;05;RC;;00008062;00000264;4;0;2026-09-16;;125.13;;;;;;2026-09-16;0;
ac1h0926.fac;00003;05;RC;;00101126;00000012;4;0;2026-09-17;;220316.75;;;;;;2026-09-17;0;
ac1h0926.fac;00003;05;RC;;00101129;00000013;4;0;2026-09-17;;2462102.25;;;;;;2026-09-17;0;
ac1h0926.fac;01900;05;RC;;00001408;00000343;4;0;2026-09-17;;74.24;;;;;;2026-09-17;0;
ac1h0926.fac;01900;05;RC;;00001412;00000296;4;0;2026-09-17;;117.38;;;;;;2026-09-17;0;
ac1h0926.fac;01900;02;FA;B;19212204;00000343;2;0;2026-09-17;2026-09-17;74.24;1.0;74.24;0;S;;;;
ac1h0926.fac;00003;05;RC;;00101131;00000281;4;0;2026-09-18;;257108.85;;;;;;2026-09-18;0;
ac1h0926.fac;00003;05;RC;;00101130;00000067;4;0;2026-09-21;;2323137.55;;;;;;2026-09-21;0;
ac1h0926.fac;01900;02;FA;A;00000276;00000006;2;0;2026-09-21;2026-09-21;521.18;1.0;521.18;0;S;;;;
ac1h0926.fac;01900;02;FA;A;00000277;00000353;2;0;2026-09-21;2026-09-21;89.13;1.0;89.13;0;S;;;;
ac1h0926.fac;01900;05;RC;;00001414;00000355;4;0;2026-09-21;;146.97;;;;;;2026-09-21;0;
ac1h0926.fac;01900;02;FA;B;19212205;00000200;2;0;2026-09-21;2026-09-21;3753.76;1.0;3753.76;0;S;;;;
ac1h0926.fac;01900;02;FA;B;19212206;00000296;2;0;2026-09-21;2026-09-21;150.03;1.0;150.03;0;S;;;;
ac1h0926.fac;01900;02;FA;B;19212207;00000344;2;0;2026-09-21;2026-09-21;512.79;1.0;512.79;0;S;;;;
ac1h0926.fac;01900;02;FA;B;19212208;00000355;2;0;2026-09-21;2026-09-21;146.97;1.0;146.97;0;S;;;;
ac1h0926.fac;01900;02;FA;B;19212209;00000037;2;0;2026-09-21;2026-09-21;992.76;1.0;992.76;0;S;;;;
ac1h1126.fac;01900;05;RC;;00001057;00000291;4;0;2026-11-28;;186.62;;;;;;2026-11-28;0;
ac1h1226.fac;01900;05;RC;;00001058;00000291;4;0;2026-12-19;;421.36;;;;;;2026-12-19;0;
ac1h1226.fac;00003;05;RC;;00100952;00000020;4;0;2026-12-26;;320411.6;;;;;;2026-12-26;0;
ac1h1226.fac;01900;05;RC;;00001059;00000210;4;0;2026-12-26;;11604.96;;;;;;2026-12-26;0;
ac1h1226.fac;01900;05;RC;;00001060;00000209;4;0;2026-12-26;;12290.16;;;;;;2026-12-26;0;
